channel,u0,tE,rho,q,s,mag_ref,seed,injected_t0,fitted_t0,fitted_u0,fitted_tE,fit_success,cadence_seed,epoch_seed,noise_seed,nearest_epoch_minutes,n_epochs_within_tE,season_edge_distance_tE,event_delta_chi2,anomaly_delta_chi2,event_detected,anomaly_detected,recovered,parameters_recovered,failure_reason,n_points_in_anomaly_window,wall_time_s
ffp,0.1,0.02,0.005,0.0,1.0,19.0,940563530,1484.941597387846,1484.941636738207,0.09894769162498586,0.01995460337795991,True,3469112321,2442804306,3673576127,3.0002386268461123,5,1197.079869392303,152205.83741585698,,True,False,True,True,event_detected_parameters_recovered,0,8.402280399999654
ffp,0.1,0.02,0.005,0.0,1.0,19.0,1013325229,44.02624447082259,44.0262457231914,0.10448473533849847,0.01993964077316247,True,4029544010,3796907913,1410518410,5.892037987958929,4,1323.6877764588705,145859.4772357359,,True,False,True,True,event_detected_parameters_recovered,0,14.873644699999204
ffp,0.1,0.02,0.005,0.0,1.0,19.0,3710735620,15.271739849671508,15.271752479788363,0.0746096195464984,0.021155551248199286,True,1089879709,749905431,1262893448,5.605383526268213,4,763.5869924835754,146012.73402132143,,True,False,True,True,event_detected_parameters_recovered,0,14.205347900000561
ffp,0.1,0.02,0.005,0.0,1.0,19.0,1615438620,399.0041007318456,399.00409932157294,0.10427938624239293,0.019504083824307548,True,4279445908,2373386505,209463717,0.2050537100603833,5,1687.7050365922798,160763.51555219234,,True,False,True,True,event_detected_parameters_recovered,0,0.1378692999987834
ffp,0.1,0.02,0.005,0.0,1.0,19.0,3759035638,428.1186181912897,428.1185901561117,0.10014778461096856,0.019854730413588564,True,1131647905,1507880339,3116860763,1.389804817708864,5,381.56909043551366,159015.00755501166,,True,False,True,True,event_detected_parameters_recovered,0,8.058869500000583
ffp,0.1,0.02,0.005,0.0,1.0,19.0,2130820894,68.14947198556109,68.1494869410345,0.09521584084835998,0.020179941908363024,True,718779195,1749665468,1202821167,4.239659223403578,5,117.52640072194538,147708.9393989512,,True,False,True,True,event_detected_parameters_recovered,0,13.731804200000624
ffp,0.1,0.02,0.005,0.0,1.0,19.0,1627658684,184.91928553352693,184.91929954231094,0.101020991421272,0.01990625468241238,True,2967663469,638299327,2823748355,0.47116827992340404,5,114.71427667634657,160744.2299120888,,True,False,True,True,event_detected_parameters_recovered,0,0.22577520000049844
ffp,0.1,0.02,0.005,0.0,1.0,19.0,4021076437,394.2281655371045,394.2281584379994,0.09497586530059633,0.020424777209124702,True,3179514168,1002826351,3114439522,4.341626696286767,5,1448.9082768552237,147808.7603804719,,True,False,True,True,event_detected_parameters_recovered,0,14.969764999999825
ffp,0.1,0.02,0.005,0.0,1.0,19.0,3173909827,424.09160179906496,424.0916084295371,0.09520416089644185,0.020332982808729066,True,3974187448,3124424105,3277311093,4.393409603771943,5,582.919910046752,147896.04764117784,,True,False,True,True,event_detected_parameters_recovered,0,15.455554799998936
ffp,0.1,0.02,0.005,0.0,1.0,19.0,3035083726,52.491084286208824,52.49105201209611,0.09860173623673378,0.019981079339302408,True,4057940004,1081334953,3239347824,1.538627851646197,5,900.4457856895588,157871.0200298319,,True,False,True,True,event_detected_parameters_recovered,0,3.969555499999842
ffp,0.1,0.02,0.005,0.0,1.0,19.0,369751102,1500.0041070830973,1500.0040993525367,0.09576770271119049,0.020492610753141304,True,4191097841,1770858577,1367934962,2.2858001304484787,5,1574.7946458451338,155623.05618960195,,True,False,True,True,event_detected_parameters_recovered,0,0.8585033999988809
ffp,0.1,0.02,0.005,0.0,1.0,19.0,3816423833,1337.2133261920414,1337.2132810355497,0.11041962321932623,0.01957230362105894,True,2500949199,1250409152,1490172215,2.989716855554434,5,583.0836903979275,152773.70997375704,,True,False,True,True,event_detected_parameters_recovered,0,5.237646400000813
ffp,0.1,0.02,0.005,0.0,1.0,19.0,3377641408,1709.867497668452,1709.8674469275334,0.12147677494381857,0.019115648304433693,True,1481401712,1316242289,4124474161,4.896642926432833,4,212.87511657740197,146380.93677981297,,True,False,True,True,event_detected_parameters_recovered,0,1.726301599999715
ffp,0.1,0.02,0.005,0.0,1.0,19.0,2979698135,1674.2978259473718,1674.2978138096576,0.10415588105949958,0.019799015542663532,True,1025000646,1451405470,102353714,3.869364380116167,5,1533.6412973685924,149530.45662608213,,True,False,True,True,event_detected_parameters_recovered,0,4.733336799999961
ffp,0.1,0.02,0.005,0.0,1.0,19.0,2172476001,38.94150234590503,38.94146604230569,0.1051373094118358,0.019842793629041726,True,2026279243,1785636341,521624607,4.363378104139883,5,1577.9248827047486,147844.90329714067,,True,False,True,True,event_detected_parameters_recovered,0,14.55640669999957
ffp,0.1,0.02,0.005,0.0,1.0,19.0,3794973102,18.277328401306498,18.277318998814966,0.1020410828486735,0.019770608599140992,True,828853720,1783444379,2481821325,1.8528978803220753,5,913.8664200653249,156840.1236285344,,True,False,True,True,event_detected_parameters_recovered,0,6.835251599999538
ffp,0.1,0.02,0.005,0.0,1.0,19.0,54003559,1302.4153458817166,1302.4153497639286,0.10352062608612252,0.01958364243452517,True,1463861730,87143056,2254313881,0.0019301990687381476,5,1202.0172940858288,161252.68540080855,,True,False,True,True,event_detected_parameters_recovered,0,0.13051760000053036
ffp,0.1,0.02,0.005,0.0,1.0,19.0,4074659344,410.3894997522669,410.3895146567346,0.09872093377199563,0.02009871927212704,True,1105072123,4066456463,3551867773,0.3203569330707978,5,1268.0250123866556,160880.47343642093,,True,False,True,True,event_detected_parameters_recovered,0,0.19466640000064217
ffp,0.1,0.02,0.005,0.0,1.0,19.0,4231629675,189.67160646173718,189.67161081551487,0.09847670432286297,0.020090868931788814,True,2615306342,849102570,638163176,4.786695094944662,4,352.3303230868592,147045.62285456143,,True,False,True,True,event_detected_parameters_recovered,0,12.181752299999062
ffp,0.1,0.02,0.005,0.0,1.0,19.0,202988917,1662.1809071500172,1662.1808776189237,0.10721874485886813,0.01963177462604851,True,634151123,574434667,246545416,3.7062961244009784,5,927.795357500861,149986.90797077172,,True,False,True,True,event_detected_parameters_recovered,0,6.0823012000000745
ffp,0.1,0.02,0.005,0.0,1.0,19.0,2937551557,203.81904559982596,203.81910696045256,0.08940129064983117,0.020606894593510967,True,1351172215,3226098074,2558486206,3.225663759926647,5,1059.7022799912977,151237.40839757747,,True,False,True,True,event_detected_parameters_recovered,0,13.46714620000057
ffp,0.1,0.02,0.005,0.0,1.0,19.0,2162367149,1710.2015885325795,1710.2015631386607,0.10305640711009802,0.019669604455915115,True,514872736,3650593977,817599404,1.9874872719447012,5,196.17057337102324,156498.10556169454,,True,False,True,True,event_detected_parameters_recovered,0,1.613126000000193
ffp,0.1,0.02,0.005,0.0,1.0,19.0,3730075061,236.45645770488545,236.45646702127814,0.10171993753977888,0.01981594323796501,True,3036348688,1839655164,767171982,4.69909506185104,4,833.4271147557274,147208.2897612782,,True,False,True,True,event_detected_parameters_recovered,0,14.42453580000074
ffp,0.1,0.02,0.005,0.0,1.0,19.0,3639726344,236.11913998291772,236.11915524681214,0.09722661203805458,0.020132851321911616,True,571423392,1857660321,1065803620,2.9615754281439877,5,850.2930008541142,152534.6564167795,,True,False,True,True,event_detected_parameters_recovered,0,7.445996800001012
ffp,0.1,0.02,0.005,0.0,1.0,19.0,2226378565,1333.1147827194347,1333.1147727920024,0.1142788961509197,0.019411826872969395,True,2349065037,384025099,3350258155,5.887116279882321,4,788.0108640282629,145648.23046747004,,True,False,True,True,event_detected_parameters_recovered,0,14.363064799999847
ffp,0.1,0.08,0.005,0.0,1.0,19.0,157428927,245.1299197547173,245.12992871437228,0.09939794540572601,0.08040487303685177,True,3336787968,76981668,1662957315,4.8155531759766745,19,99.93850306603385,612120.6702292421,,True,False,True,True,event_detected_parameters_recovered,0,0.19163819999994303
ffp,0.1,0.08,0.005,0.0,1.0,19.0,3254544210,47.00938047156992,47.009381875317345,0.10004427988606972,0.08041619303099642,True,385567522,3009954224,354393572,5.992120934397462,20,293.632744105376,611383.5909318479,,True,False,True,True,event_detected_parameters_recovered,0,0.22644550000040908
ffp,0.1,0.08,0.005,0.0,1.0,19.0,1454610276,432.0540956143054,432.05410891370116,0.09973541755943995,0.08024313968026928,True,3934668329,3413762735,3139156275,2.8976843076998193,19,46.19880482118219,611822.6850258092,,True,False,True,True,event_detected_parameters_recovered,0,0.170534900000348
ffp,0.1,0.08,0.005,0.0,1.0,19.0,1736904269,217.75929643872635,217.75925391458665,0.09872285112865589,0.08059949141945458,True,1189160267,3241172941,2898195889,3.2868717834389827,19,439.1787054840794,611443.7347776395,,True,False,True,True,event_detected_parameters_recovered,0,0.2087530999997398
ffp,0.1,0.08,0.005,0.0,1.0,19.0,1661991405,1707.3166606132222,1707.3166403055063,0.10039011751294699,0.07984898533353364,True,2525415100,1044415003,3933641751,2.0087166180746863,19,85.10424233472236,611366.1358531101,,True,False,True,True,event_detected_parameters_recovered,0,0.1730143999993743
ffp,0.1,0.08,0.005,0.0,1.0,19.0,1377212437,13.679248099437492,13.679258481601336,0.10015458573127285,0.07978053405468731,True,3029281516,1441718682,3939261089,0.6827368105388132,19,170.99060124296864,611126.1595823591,,True,False,True,True,event_detected_parameters_recovered,0,0.11309499999879336
ffp,0.1,0.08,0.005,0.0,1.0,19.0,249288034,189.03379033644117,189.03384085066327,0.100543473535974,0.07956833770709439,True,280530859,166407995,1961208900,3.6419155215207866,19,80.10987920551464,610850.8109895801,,True,False,True,True,event_detected_parameters_recovered,0,0.14466680000077758
ffp,0.1,0.08,0.005,0.0,1.0,19.0,876416908,1480.027962363311,1480.0279428528693,0.09985149974975983,0.08001182885738876,True,3355914836,364614162,1382018583,5.865803269916796,20,237.84952954138703,610941.1411732162,,True,False,True,True,event_detected_parameters_recovered,0,0.1362938000002032
ffp,0.1,0.08,0.005,0.0,1.0,19.0,1217390664,13.428242234876764,13.428246481932222,0.09905223572453509,0.08023600881909067,True,2627405281,106363997,2043180000,0.8688182220407725,19,167.85302793595955,610912.7310599246,,True,False,True,True,event_detected_parameters_recovered,0,0.11899559999983467
ffp,0.1,0.08,0.005,0.0,1.0,19.0,677995564,1463.1665365109561,1463.1665286391783,0.09907266642528938,0.08029029384334659,True,4227755445,2020346228,4183975819,1.9874242115474772,19,27.08170638695151,612615.9402023759,,True,False,True,True,event_detected_parameters_recovered,0,0.17766620000111288
ffp,0.1,0.08,0.005,0.0,1.0,19.0,2784747717,1337.7558132174547,1337.7558341090485,0.1015471203977713,0.07944775296585727,True,4220567669,3320164729,3392724207,2.328966546410811,19,138.98983478181606,610855.7725749661,,True,False,True,True,event_detected_parameters_recovered,0,0.1779080000014801
ffp,0.1,0.08,0.005,0.0,1.0,19.0,526968311,373.7501532782616,373.75012700316375,0.09882478308575125,0.08066683649187976,True,961813862,1911099144,3784529027,4.9792793404503755,19,106.25191597827026,611521.7768266043,,True,False,True,True,event_detected_parameters_recovered,0,0.1494053000005806
ffp,0.1,0.08,0.005,0.0,1.0,19.0,4010332531,37.13373211258837,37.13369910516187,0.09788472852847242,0.08063920227035211,True,2802657810,2387222748,1765921272,2.6742421272501815,19,417.0783485926454,610817.5466442751,,True,False,True,True,event_detected_parameters_recovered,0,0.14992940000047383
ffp,0.1,0.08,0.005,0.0,1.0,19.0,3058079366,1330.7052850906755,1330.7052897571307,0.10020307622479271,0.07976958249948553,True,4287814491,1438253532,2580626622,3.1894691463458003,19,227.1214363665564,611847.5869833921,,True,False,True,True,event_detected_parameters_recovered,0,0.1307714999984455
ffp,0.1,0.08,0.005,0.0,1.0,19.0,2503676086,1286.2761355162402,1286.276077019805,0.1004513398727185,0.07982654156862627,True,1940375319,814544107,538137014,3.6351434282551054,19,98.76419395300218,611431.8386926886,,True,False,True,True,event_detected_parameters_recovered,0,0.14560010000059265
ffp,0.1,0.08,0.005,0.0,1.0,19.0,397857049,397.6768179630874,397.6768254710582,0.10158622953193074,0.07933212413203941,True,1334716419,1049384855,3788807516,0.7178667040443543,19,405.33522453859234,611615.5354491376,,True,False,True,True,event_detected_parameters_recovered,0,0.1196235000006709
ffp,0.1,0.08,0.005,0.0,1.0,19.0,1585075288,40.54707844932367,40.54709615159073,0.10080246628813676,0.07964076860367952,True,368940073,3144465601,3263839833,5.2929670277831065,19,374.4115193834541,611158.707279499,,True,False,True,True,event_detected_parameters_recovered,0,0.2019808999993984
ffp,0.1,0.08,0.005,0.0,1.0,19.0,2389794203,200.6559937734177,200.65600451654888,0.10011497641683441,0.0799240827927907,True,4117510349,2913819293,3327698415,1.9689662695463994,19,225.38742216772113,611469.7239561151,,True,False,True,True,event_detected_parameters_recovered,0,0.1756664999993518
ffp,0.1,0.08,0.005,0.0,1.0,19.0,1509786749,395.81924021564373,395.8192506668436,0.10003016128191138,0.0799173131360674,True,3566197005,569647481,3445003641,0.09408960670043598,19,382.11550269554664,611334.9218009218,,True,False,True,True,event_detected_parameters_recovered,0,0.11978579999959038
ffp,0.1,0.08,0.005,0.0,1.0,19.0,1308074203,429.38249625215406,429.3824880026402,0.09940836775892103,0.08009830927692489,True,684517769,2830644003,627124841,3.594602821412991,19,79.5937968480743,611561.238426919,,True,False,True,True,event_detected_parameters_recovered,0,0.15534130000014557
ffp,0.1,0.08,0.005,0.0,1.0,19.0,1575783082,1498.4027072071228,1498.4027441012042,0.10008040813016168,0.08001912529496018,True,1372754408,2358942401,3321279746,2.798378457664512,19,413.7161599109646,611843.7324842033,,True,False,True,True,event_detected_parameters_recovered,0,0.14785810000103083
ffp,0.1,0.08,0.005,0.0,1.0,19.0,176042687,248.59038254642343,248.59038268570367,0.09903493208233258,0.08059221583473819,True,1835034560,3764963998,1741593123,5.1508668825772475,19,56.68271816970716,612042.4222103809,,True,False,True,True,event_detected_parameters_recovered,0,0.13975589999972726
ffp,0.1,0.08,0.005,0.0,1.0,19.0,1448601198,1289.8872139141067,1289.8871776242381,0.09970591251438658,0.0800310888424666,True,2106689189,279462135,371426802,0.58803637548408,19,143.90267392633405,610301.6031515113,,True,False,True,True,event_detected_parameters_recovered,0,0.10721569999986968
ffp,0.1,0.08,0.005,0.0,1.0,19.0,3873520859,234.81760038073008,234.81759712714893,0.09965391660551344,0.08020591822069395,True,2600307110,2959594918,88440723,4.244548277306421,19,228.84249524087394,611298.3201363294,,True,False,True,True,event_detected_parameters_recovered,0,0.13978920000045036
ffp,0.1,0.08,0.005,0.0,1.0,19.0,2928476071,1311.8340459204958,1311.8340547461737,0.0999970844189711,0.0799828415060837,True,3445485477,3944907152,1955446574,1.1738743064415758,19,418.2380740061973,611441.2186636227,,True,False,True,True,event_detected_parameters_recovered,0,0.10140789999968547
ffp,0.1,0.3,0.005,0.0,1.0,19.0,1869648976,239.09217065944478,239.09222512824047,0.10039901826437526,0.29904074944582276,True,2175196079,2269415911,2401090223,0.7257496285910747,71,46.77609780185075,2291025.1977751255,,True,False,True,True,event_detected_parameters_recovered,0,0.10113009999986389
ffp,0.1,0.3,0.005,0.0,1.0,19.0,13953374,1313.909357610479,1313.9094089129262,0.10037738632616426,0.299778360461524,True,290403268,3229420663,2227696586,1.4250407194776926,71,116.55214129840337,2293071.940013143,,True,False,True,True,event_detected_parameters_recovered,0,0.10912680000001274
ffp,0.1,0.3,0.005,0.0,1.0,19.0,2667512526,1315.1611712105084,1315.161137905058,0.09934937533453876,0.3008906171604508,True,2693301617,749289062,1603005215,1.713456670368032,71,112.37942929830524,2291702.629313739,,True,False,True,True,event_detected_parameters_recovered,0,0.11322669999935897
ffp,0.1,0.3,0.005,0.0,1.0,19.0,1925428067,51.85436954983004,51.85436871692905,0.09945951120295819,0.3009010297426434,True,3913950848,3726637124,2054950504,1.192151762585354,71,62.15210150056654,2292317.7790087983,,True,False,True,True,event_detected_parameters_recovered,0,0.12369930000022578
ffp,0.1,0.3,0.005,0.0,1.0,19.0,2779849376,66.78216613825717,66.7821410317552,0.10057768293716798,0.2999838854479057,True,984180071,3396943729,1918675509,4.480760894925879,72,12.392779539142776,2293346.5343961166,,True,False,True,True,event_detected_parameters_recovered,0,0.15943929999957618
ffp,0.1,0.3,0.005,0.0,1.0,19.0,3775283103,405.46636570920094,405.4663814413741,0.0999141487691823,0.299809197784793,True,240789058,547985522,168667623,0.96662107350312,71,100.94544763599686,2292463.187181026,,True,False,True,True,event_detected_parameters_recovered,0,0.1295019000008324
ffp,0.1,0.3,0.005,0.0,1.0,19.0,1173500706,420.3238276698341,420.3237770696815,0.09963373885790104,0.30100588728251537,True,1626586418,2604122375,3043108856,2.9118443202696653,71,51.42057443388637,2293437.986462376,,True,False,True,True,event_detected_parameters_recovered,0,0.14136060000055295
ffp,0.1,0.3,0.005,0.0,1.0,19.0,1000480286,1297.7503454383505,1297.7503540660023,0.10073418653722943,0.2993272804961314,True,2334198264,3435176634,3510365696,2.102568671325571,71,64.5844847945015,2290949.705191736,,True,False,True,True,event_detected_parameters_recovered,0,0.10224849999940488
ffp,0.1,0.3,0.005,0.0,1.0,19.0,1839805477,431.1177813318684,431.1178173472535,0.10089486898725394,0.2985153129620229,True,3860764596,894835443,1250408955,2.2948823975366395,71,15.440728893772,2293934.0462415884,,True,False,True,True,event_detected_parameters_recovered,0,0.10279470000023139
ffp,0.1,0.3,0.005,0.0,1.0,19.0,397657895,1286.4660626810073,1286.4661550614194,0.09964500207499269,0.3007498140150684,True,4137069660,3902150070,164279259,1.1697393060239847,71,26.97020893669105,2292750.3697860874,,True,False,True,True,event_detected_parameters_recovered,0,0.1250945000010688
ffp,0.1,0.3,0.005,0.0,1.0,19.0,2626163241,425.5330973691324,425.53307600093285,0.0998362987584629,0.3001092079668332,True,1445252976,1454720936,4131305128,2.2602112870663404,71,34.05634210289198,2291642.0183432405,,True,False,True,True,event_detected_parameters_recovered,0,0.11946829999942565
ffp,0.1,0.3,0.005,0.0,1.0,19.0,3743858582,1473.022003502095,1473.0220005877022,0.09934214790604766,0.3009519868881583,True,2367508896,3197631219,2408240041,3.41495691864111,71,40.073345006983345,2291783.552772189,,True,False,True,True,event_detected_parameters_recovered,0,0.1181326000005356
ffp,0.1,0.3,0.005,0.0,1.0,19.0,3391665067,23.755320431422785,23.755318612808704,0.10046779996182534,0.2995388536271813,True,2515403746,1618375388,1269649268,0.961421247167209,71,79.18440143807595,2291627.244513385,,True,False,True,True,event_detected_parameters_recovered,0,0.09890510000150243
ffp,0.1,0.3,0.005,0.0,1.0,19.0,1809447456,419.6763090687856,419.6762261604214,0.10045324018855628,0.2995003300927687,True,1031649087,183485927,2127576937,2.185058813274736,71,53.57896977071467,2292587.4566980284,,True,False,True,True,event_detected_parameters_recovered,0,0.13398570000026666
ffp,0.1,0.3,0.005,0.0,1.0,19.0,1851166702,1468.7925226851362,1468.7924508852582,0.10081471434960085,0.2985036228230348,True,3240860544,1912929077,19917311,4.532666637933289,72,25.975075617120638,2292280.481362978,,True,False,True,True,event_detected_parameters_recovered,0,0.11070429999927
ffp,0.1,0.3,0.005,0.0,1.0,19.0,1377163443,188.2500730249647,188.25008564594518,0.10039502328192419,0.29941792945743706,True,2065321032,2180600202,3700795201,5.205155951975939,72,18.750243416549022,2293133.907534153,,True,False,True,True,event_detected_parameters_recovered,0,0.09646369999973103
ffp,0.1,0.3,0.005,0.0,1.0,19.0,1621038201,1503.529400547087,1503.5294272613728,0.09878036266951581,0.30241592848247234,True,3338239935,2001496221,1716739475,4.236788033740595,72,93.23533150970965,2292756.5349947624,,True,False,True,True,event_detected_parameters_recovered,0,0.1078708999993978
ffp,0.1,0.3,0.005,0.0,1.0,19.0,4020681215,56.12060099715151,56.12061317445275,0.1009341178703024,0.2986021076626598,True,1249728545,2681696594,3249302455,2.2345640923674637,71,47.93133000949496,2292803.2948638583,,True,False,True,True,event_detected_parameters_recovered,0,0.13191900000128953
ffp,0.1,0.3,0.005,0.0,1.0,19.0,2429776423,247.8842699975031,247.88424177245577,0.09950781639897004,0.3008895930501015,True,1360675396,3146725544,228705025,4.748796436970224,72,17.469100008322965,2293946.2703048782,,True,False,True,True,event_detected_parameters_recovered,0,0.12305099999866798
ffp,0.1,0.3,0.005,0.0,1.0,19.0,1422063211,188.41257966831503,188.41256249447127,0.09911675576567859,0.30107708348505985,True,747614327,2917437691,210103267,2.7852776234703924,71,19.291932227716778,2293303.7018326255,,True,False,True,True,event_detected_parameters_recovered,0,0.1318031000009796
ffp,0.1,0.3,0.005,0.0,1.0,19.0,1652876532,33.548787761480135,33.54882703876107,0.0995367672070372,0.30052816489273754,True,1344370326,1884612634,2359268762,5.045623470389273,72,111.82929253826713,2292342.0627010306,,True,False,True,True,event_detected_parameters_recovered,0,0.1411984999995184
ffp,0.1,0.3,0.005,0.0,1.0,19.0,289681560,11.014966990472232,11.014938264308892,0.10024541987932072,0.2991857962122436,True,3393443734,1145498097,2540857866,1.5475337202187234,71,36.71655663490744,2290837.603451424,,True,False,True,True,event_detected_parameters_recovered,0,0.14587240000037127
ffp,0.1,0.3,0.005,0.0,1.0,19.0,3696077453,212.0062283332869,212.0062331075231,0.09979996465978634,0.30030055694292074,True,1427999800,1550750793,387534791,4.731200052215172,72,97.93742777762304,2292189.5991356713,,True,False,True,True,event_detected_parameters_recovered,0,0.12682929999937187
ffp,0.1,0.3,0.005,0.0,1.0,19.0,2818367283,1681.3233539431671,1681.3233271572892,0.1002153082277806,0.2991453743266893,True,3406316054,1636519052,971722747,5.029678363061976,72,109.33882018944284,2293056.626914337,,True,False,True,True,event_detected_parameters_recovered,0,0.09884560000136844
ffp,0.1,0.3,0.005,0.0,1.0,19.0,1120962999,1340.947827432825,1340.9478327320653,0.0998145262429869,0.30045339383452163,True,3657145381,2078339445,500147107,3.828496395944967,72,26.42390855724974,2293690.425368577,,True,False,True,True,event_detected_parameters_recovered,0,0.16551149999941117
ffp,0.1,1.0,0.005,0.0,1.0,19.0,1215178237,1663.350715108294,1663.3505705722146,0.09965292404124745,1.0020371144244549,True,2990335620,1652114880,3839221046,5.770243950682925,238,19.725715108294025,7635610.526996348,,True,False,True,True,event_detected_parameters_recovered,0,0.12103340000066964
ffp,0.1,1.0,0.005,0.0,1.0,19.0,1017551411,1335.4429941069382,1335.4431373792636,0.09970512891412504,1.0019047113146458,True,3836818900,1733958928,2167289765,5.288485702658363,238,13.432005893061842,7631544.09897113,,True,False,True,True,event_detected_parameters_recovered,0,0.1251905999997689
ffp,0.1,1.0,0.005,0.0,1.0,19.0,3688796478,1683.251117454691,1683.2510878341009,0.10009256211104345,0.999774975282306,True,2565418435,335164497,2808887412,1.990865032239526,238,30.873882545309016,7631795.097510004,,True,False,True,True,event_detected_parameters_recovered,0,0.11820999999872583
ffp,0.1,1.0,0.005,0.0,1.0,19.0,3159246464,1299.6018472019175,1299.6017457490082,0.10026534322187426,0.999193928508728,True,1149556327,4058675194,1955345437,2.0599708751615253,238,21.226847201917508,7629237.829215506,,True,False,True,True,event_detected_parameters_recovered,0,0.12566739999965648
ffp,0.1,1.0,0.005,0.0,1.0,19.0,2685311408,1504.845368753712,1504.845152297837,0.10035531593887681,0.9980997144567483,True,4059355098,1430913341,2830038834,0.46899441946152365,238,26.65463124628809,7631778.824818942,,True,False,True,True,event_detected_parameters_recovered,0,0.12549179999950866
ffp,0.1,1.0,0.005,0.0,1.0,19.0,2229292148,189.07564919323988,189.07565117251252,0.10022894361999282,0.9998388833092887,True,3106457487,3150376792,4128507885,3.865161731355329,238,6.450649193239883,7634226.155924457,,True,False,True,True,event_detected_parameters_recovered,0,0.1099460999994335
ffp,0.1,1.0,0.005,0.0,1.0,19.0,764246615,1347.6759265928229,1347.675853440586,0.09964886356436015,1.0019199281237767,True,1498860376,1930534886,400641373,4.63429403695045,238,1.1990734071771385,7567843.061503952,,True,False,True,True,event_detected_parameters_recovered,0,0.1314072999994096
ffp,0.1,1.0,0.005,0.0,1.0,19.0,4187899059,1644.6465756613873,1644.6466006060652,0.1000321088529616,0.9991050692880442,True,2822345089,374271735,4093727010,5.131047596842109,238,1.02157566138726,7513132.236452515,,True,False,True,True,event_detected_parameters_recovered,0,0.14823880000039935
ffp,0.1,1.0,0.005,0.0,1.0,19.0,3994000707,365.8855517703873,365.8855497037554,0.10012448164935246,0.999247883330366,True,2629400804,1658929566,4121296195,4.405450645108431,195,0.6355517703872806,7197651.4459787235,,True,False,True,True,event_detected_parameters_recovered,0,0.18245350000142935
ffp,0.1,1.0,0.005,0.0,1.0,19.0,2618366282,421.39136070566906,421.39131096611163,0.09976787393236636,1.0005259022604303,True,1271797275,3133663819,4106642721,3.4594159179596318,238,14.358639294330942,7634133.847865288,,True,False,True,True,event_detected_parameters_recovered,0,0.1265795999988768
ffp,0.1,1.0,0.005,0.0,1.0,19.0,2507598697,1290.4972597173723,1290.4971749765757,0.10035460612517125,0.9976711568427438,True,663761,889349203,639915474,4.246006918729108,238,12.122259717372344,7633984.65034048,,True,False,True,True,event_detected_parameters_recovered,0,0.12606959999902756
ffp,0.1,1.0,0.005,0.0,1.0,19.0,31169609,197.8473146950461,197.8471986370087,0.10010474377172059,0.9993802361004797,True,1015767702,4146574925,1299171508,5.066839126043305,238,15.222314695046094,7632111.06466615,,True,False,True,True,event_detected_parameters_recovered,0,0.10567580000133603
ffp,0.1,1.0,0.005,0.0,1.0,19.0,2588370153,1490.8131493375572,1490.8131981201109,0.10015198164478344,0.9994007711609004,True,878911320,889617676,664277121,0.13504624243068974,238,29.813149337557206,7632923.403627914,,True,False,True,True,event_detected_parameters_recovered,0,0.11941850000039267
ffp,0.1,1.0,0.005,0.0,1.0,19.0,3540861943,1669.5392660580467,1669.539011068614,0.10023313015462668,0.9979577970585813,True,1710824921,1371752729,3174121514,0.14312372633867199,238,25.914266058046678,7629257.667147095,,True,False,True,True,event_detected_parameters_recovered,0,0.12850360000084038
ffp,0.1,1.0,0.005,0.0,1.0,19.0,371243945,15.473517275009927,15.473470171703958,0.09957008613994339,1.0022941428165866,True,1070330834,2304691568,3222612482,5.764876013568596,238,15.473517275009927,7634401.705603094,,True,False,True,True,event_detected_parameters_recovered,0,0.13720089999878837
ffp,0.1,1.0,0.005,0.0,1.0,19.0,261738169,240.18016606280477,240.18013283457566,0.10014183855698348,0.9993286398640276,True,3213765484,2943928144,894272404,5.560869532469042,238,12.944833937195227,7633360.736254278,,True,False,True,True,event_detected_parameters_recovered,0,0.11292580000008456
ffp,0.1,1.0,0.005,0.0,1.0,19.0,2739257770,404.1629880177737,404.16304195118045,0.09988579657046777,1.0010272348504357,True,4080469596,1365047085,3377042455,0.3972545759916102,238,31.587011982226272,7630107.343549847,,True,False,True,True,event_detected_parameters_recovered,0,0.10290540000096371
ffp,0.1,1.0,0.005,0.0,1.0,19.0,1059840834,1687.755336620772,1687.7554124452327,0.09962110544000737,1.0018462780113588,True,1274415582,1479099110,3781370997,1.51526585152169,238,26.369663379228086,7633190.491459633,,True,False,True,True,event_detected_parameters_recovered,0,0.11801589999959106
ffp,0.1,1.0,0.005,0.0,1.0,19.0,2477072783,408.84109965288417,408.84104990172193,0.1002943143979995,0.9988695886147537,True,340228408,791266797,2893664836,3.6165000374239753,238,26.908900347115832,7636223.223445591,,True,False,True,True,event_detected_parameters_recovered,0,0.11596300000019255
ffp,0.1,1.0,0.005,0.0,1.0,19.0,2497940269,1712.5828411604462,1712.5826569031713,0.09982221162958843,1.0010950280182311,True,4110765854,3874201670,1104712540,5.408728587317455,238,1.5421588395538492,7607276.772047332,,True,False,True,True,event_detected_parameters_recovered,0,0.09468670000023849
ffp,0.1,1.0,0.005,0.0,1.0,19.0,3722769394,1682.5498648391913,1682.5497342332171,0.09982335430353069,1.001153608200099,True,1112095966,1974261556,1365822721,4.605368644406553,238,31.575135160808713,7632940.851733597,,True,False,True,True,event_detected_parameters_recovered,0,0.13666830000147456
ffp,0.1,1.0,0.005,0.0,1.0,19.0,1069863169,1674.3250062494556,1674.325051069566,0.10023527584758003,0.998024774273469,True,2791329363,1666879599,845316700,5.391000619165425,238,30.700006249455555,7631274.289493883,,True,False,True,True,event_detected_parameters_recovered,0,0.1248412000004464
ffp,0.1,1.0,0.005,0.0,1.0,19.0,873663588,9.0330565132481,9.03304387146057,0.10021481239532365,0.9988872149983488,True,3966318578,2058565673,3696279085,0.10137907725209061,238,9.0330565132481,7631693.829739356,,True,False,True,True,event_detected_parameters_recovered,0,0.10797869999987597
ffp,0.1,1.0,0.005,0.0,1.0,19.0,3584774643,1678.66324132156,1678.6632598841627,0.09961051524964962,1.0024392707657253,True,1278215202,2522959570,3458166283,1.932496765475662,238,35.03824132156001,7634508.095366812,,True,False,True,True,event_detected_parameters_recovered,0,0.11497369999960938
ffp,0.1,1.0,0.005,0.0,1.0,19.0,435646453,400.5523972129206,400.5523863035197,0.10001789592538192,0.9997559504823758,True,2839751064,3725864901,1011445823,3.3519864512982167,238,35.197602787079404,7631666.771022759,,True,False,True,True,event_detected_parameters_recovered,0,0.11495080000167945
ffp,0.6,0.02,0.005,0.0,1.0,19.0,3712801229,425.87998970133197,425.8799004146287,0.5957088289500562,0.020233093763424605,True,3104551449,3471441777,956442987,5.685169652924742,4,493.50051493340175,42985.48057272364,,True,False,True,True,event_detected_parameters_recovered,0,1.7896252999998978
ffp,0.6,0.02,0.005,0.0,1.0,19.0,3910430844,401.84667872493435,401.84657661422267,0.505124637629821,0.022220884794356858,True,1196357403,1005572461,3349707088,3.7173637454452546,5,1695.1660637532825,42980.57987071901,,True,False,True,True,event_detected_parameters_recovered,0,1.3631946999994398
ffp,0.6,0.02,0.005,0.0,1.0,19.0,316341758,1666.1921966143022,1666.1923331932471,0.5568181504834945,0.020507999857642026,True,691931850,3101803612,3812817204,3.836875283595873,5,1128.3598307151124,42574.4727484155,,True,False,True,True,event_detected_parameters_recovered,0,1.6180614000004425
ffp,0.6,0.02,0.005,0.0,1.0,19.0,1655178710,1.6905796529322297,1.690580059548087,0.49370984958608766,0.022346392742716235,True,3280285672,2682385982,3263877948,2.3347002224151936,5,84.52898264661148,42838.023484130084,,True,False,True,True,event_detected_parameters_recovered,0,0.17087729999911971
ffp,0.6,0.02,0.005,0.0,1.0,19.0,3550924209,1304.3231736005414,1304.3232485663893,0.6020857721502942,0.01990594284062536,True,3509107557,3876521995,3989730437,0.5699849189113593,5,1297.4086800270697,43113.32027041991,,True,False,True,True,event_detected_parameters_recovered,0,0.1727296999997634
ffp,0.6,0.02,0.005,0.0,1.0,19.0,1383217598,194.94444166554027,194.9443599494479,0.5888353174056471,0.020184622189007677,True,1371779688,355897516,1020956787,1.395998384118684,5,615.9720832770133,42894.89468109331,,True,False,True,True,event_detected_parameters_recovered,0,0.1683788000009372
ffp,0.6,0.02,0.005,0.0,1.0,19.0,1606068428,1301.142886647185,1301.1429185857066,0.634419793916096,0.019353380374810096,True,440658960,3596591363,2029599900,5.243227931459842,4,1138.3943323592462,42921.418944281904,,True,False,True,True,event_detected_parameters_recovered,0,7.654416700001093
ffp,0.6,0.02,0.005,0.0,1.0,19.0,3276232249,14.064617555817305,14.064658885800387,0.6133144835682919,0.019676666105267783,True,2698358821,2084223268,198790604,2.3507196236511163,5,703.2308777908653,43247.19222119608,,True,False,True,True,event_detected_parameters_recovered,0,0.20535449999988487
ffp,0.6,0.02,0.005,0.0,1.0,19.0,1386266144,1317.782737215778,1317.782620060238,0.6154774400724163,0.0198029560184295,True,2101973469,650534213,2647622198,1.8584090680087684,5,1554.6131392110965,43271.39000336127,,True,False,True,True,event_detected_parameters_recovered,0,0.15747710000141524
ffp,0.6,0.02,0.005,0.0,1.0,19.0,1280844660,1307.3914703150122,1307.3914859037386,0.6880613276427476,0.018457399062705597,True,4042885725,511221575,2978670627,2.417253773273842,5,1450.8235157506078,43068.86462644869,,True,False,True,True,event_detected_parameters_recovered,0,0.18722539999907895
ffp,0.6,0.02,0.005,0.0,1.0,19.0,2278522670,408.59468442553026,408.59477020932786,0.6764822073051644,0.018692386892679075,True,1852113807,3363344216,3681377244,4.54557257405213,5,1357.7657787234868,42767.80548451409,,True,False,True,True,event_detected_parameters_recovered,0,7.565677500000675
ffp,0.6,0.02,0.005,0.0,1.0,19.0,1939958687,34.195199548888404,34.1952930107876,0.5349275862483388,0.021421945807515243,True,2513394906,1072092708,1906108900,5.912649602159945,4,1709.7599774444202,43112.906695165286,,True,False,True,True,event_detected_parameters_recovered,0,7.669839199999842
ffp,0.6,0.02,0.005,0.0,1.0,19.0,2095232008,6.912845699818854,6.912890168729475,0.6222555743025968,0.019518573454276582,True,1943034609,95214295,1492729795,3.8021922607933334,5,345.6422849909427,42483.75427071503,,True,False,True,True,event_detected_parameters_recovered,0,0.8295426000004227
ffp,0.6,0.02,0.005,0.0,1.0,19.0,3429037003,376.5934195835728,376.5932837180021,0.5574282747372185,0.020899612023745646,True,812644388,2666198235,1219446481,0.47579970473634603,5,567.1709791786412,43083.63911854146,,True,False,True,True,event_detected_parameters_recovered,0,0.13961640000161424
ffp,0.6,0.02,0.005,0.0,1.0,19.0,2509269902,433.2292682508484,433.2291405878984,0.6301827961559407,0.019621682174174322,True,657754730,1208050534,3998440863,1.1462809244494565,5,126.03658745757969,42736.829207234565,,True,False,True,True,event_detected_parameters_recovered,0,0.1659602999989147
ffp,0.6,0.02,0.005,0.0,1.0,19.0,173112810,1683.9723823112972,1683.972428170347,0.7660657663677162,0.017604922424557565,True,4025057295,274084633,2997595855,3.9694715153746074,5,1507.6308844351388,42941.975210287565,,True,False,True,True,event_detected_parameters_recovered,0,0.22084800000084215
ffp,0.6,0.02,0.005,0.0,1.0,19.0,1653153542,1504.579698363601,1504.5796850398037,0.6227270941570076,0.019668353842429997,True,2215993401,3682123999,4139649760,4.165643819360412,5,1346.0150818199509,42822.68891959156,,True,False,True,True,event_detected_parameters_recovered,0,7.519395799999984
ffp,0.6,0.02,0.005,0.0,1.0,19.0,4017693463,1530.7309405348833,1530.7310909841656,0.6959322125704489,0.018344575417243117,True,2523495904,519645841,2191674704,5.345629393668787,4,38.45297325583488,42917.63118803562,,True,False,True,True,event_detected_parameters_recovered,0,8.476442099999986
ffp,0.6,0.02,0.005,0.0,1.0,19.0,3131135158,1511.2635827768104,1511.2636770154427,0.587373389737237,0.020458964739661363,True,1124840736,1308056925,2263710721,2.640801123197889,5,1011.820861159481,43160.197633393116,,True,False,True,True,event_detected_parameters_recovered,0,0.16414649999933317
ffp,0.6,0.02,0.005,0.0,1.0,19.0,440712448,4.8568023533554365,4.856769573996948,0.5822565624881479,0.02074820148810133,True,1614391378,4262084048,2066663162,0.004611168199915028,5,242.84011766777184,43357.861679349124,,True,False,True,True,event_detected_parameters_recovered,0,0.16154720000122325
ffp,0.6,0.02,0.005,0.0,1.0,19.0,4221947301,0.5103838408222175,0.5104158813745823,0.7383030691366705,0.017616385086160695,True,512167092,2411362663,1422802776,3.147269216006041,5,25.519192041110877,42985.83214803593,,True,False,True,True,event_detected_parameters_recovered,0,4.048112700000274
ffp,0.6,0.02,0.005,0.0,1.0,19.0,2353345697,372.5443336661655,372.5442865792263,0.5933791519741869,0.020195895667022942,True,3663553512,2148997536,410995047,1.04047924646693,5,364.7166833082764,43282.75174653507,,True,False,True,True,event_detected_parameters_recovered,0,0.15882570000030682
ffp,0.6,0.02,0.005,0.0,1.0,19.0,1082678662,1325.3974802240664,1325.3973416623437,0.6824192578770019,0.01871954695344501,True,342984603,3279710917,914060028,0.7715229080349673,5,1173.8759887966808,42985.77177925952,,True,False,True,True,event_detected_parameters_recovered,0,0.20411570000032953
ffp,0.6,0.02,0.005,0.0,1.0,19.0,1343124151,1306.3213000003147,1306.3212582029914,0.5713739643020955,0.020656854086512196,True,2021848180,1849174135,3594439091,1.927999396721134,5,1397.3150000157375,42919.4554485626,,True,False,True,True,event_detected_parameters_recovered,0,0.2500759000013204
ffp,0.6,0.02,0.005,0.0,1.0,19.0,328975935,384.83771935028534,384.8378094666272,0.6069928943888209,0.01997860025770909,True,607212127,3444998593,1092248390,1.2158643252405454,5,979.385967514267,42350.585617949066,,True,False,True,True,event_detected_parameters_recovered,0,0.19398770000043442
ffp,0.6,0.08,0.005,0.0,1.0,19.0,3313597590,1293.475026414959,1293.475335917613,0.6168345205964462,0.07855926826427598,True,3599140557,2960343634,3752855326,0.33803762213210575,19,188.75033018698844,172192.46926117834,,True,False,True,True,event_detected_parameters_recovered,0,0.1959145000000717
ffp,0.6,0.08,0.005,0.0,1.0,19.0,233357499,56.092374302595026,56.092331976010755,0.6262491767484955,0.07799062724677978,True,2790515301,308335471,1888811660,5.518995746274413,19,180.09532121756217,171635.1825783274,,True,False,True,True,event_detected_parameters_recovered,0,0.19613140000001295
ffp,0.6,0.08,0.005,0.0,1.0,19.0,880571781,1672.068276473384,1672.068216921708,0.5505189192227251,0.08507537291379799,True,3820681382,3593344715,1312516476,0.1818781743349973,19,355.54095591730004,171807.1593733857,,True,False,True,True,event_detected_parameters_recovered,0,0.14643319999959203
ffp,0.6,0.08,0.005,0.0,1.0,19.0,1696656549,1302.4252206501073,1302.4252098181778,0.6555428712962467,0.07604192942398647,True,656653033,3784957378,545630909,2.1177362836897373,19,300.62775812634186,170876.93718562683,,True,False,True,True,event_detected_parameters_recovered,0,0.17353320000074746
ffp,0.6,0.08,0.005,0.0,1.0,19.0,4157580572,31.775158228804973,31.775157669032545,0.6310212657674596,0.07816189211323943,True,2279783347,2371609611,618844492,5.972150523372761,20,397.18947786006214,171406.29739608092,,True,False,True,True,event_detected_parameters_recovered,0,0.14960489999975835
ffp,0.6,0.08,0.005,0.0,1.0,19.0,4187220079,1473.2512939490923,1473.250920582723,0.5909805137028636,0.08048181160505688,True,3330764531,732237471,1949557962,0.06328675870463485,19,153.14117436365393,172855.83305551225,,True,False,True,True,event_detected_parameters_recovered,0,0.14574679999896034
ffp,0.6,0.08,0.005,0.0,1.0,19.0,1705482310,32.59981046773324,32.5999985217323,0.6228363723783265,0.07837921071553905,True,417386063,2691475765,3899330243,4.2729264663876165,19,407.4976308466655,171106.43542162137,,True,False,True,True,event_detected_parameters_recovered,0,0.1621324999996432
ffp,0.6,0.08,0.005,0.0,1.0,19.0,1137538394,16.55833267962075,16.5582838494845,0.5709229544444591,0.08235198028320592,True,266338561,1467695369,1066634080,5.100941346963737,19,206.97915849525938,171399.63802614989,,True,False,True,True,event_detected_parameters_recovered,0,0.14487419999932172
ffp,0.6,0.08,0.005,0.0,1.0,19.0,189804768,423.6144168727475,423.61454887593834,0.5981965259397297,0.08040656884378425,True,2991157543,102467735,3259741438,1.8397034988447558,19,151.69478909065646,172671.09082515622,,True,False,True,True,event_detected_parameters_recovered,0,0.16626480000013544
ffp,0.6,0.08,0.005,0.0,1.0,19.0,2230875151,221.48647570072106,221.48662964120118,0.5830858544321896,0.08172044633748508,True,800289608,2121256891,2990847481,1.974990942326258,19,395.4815537409868,172342.36452039727,,True,False,True,True,event_detected_parameters_recovered,0,0.17867850000038743
ffp,0.6,0.08,0.005,0.0,1.0,19.0,1869646697,1320.9544277916866,1320.95474194717,0.6391544768098577,0.07674885763715368,True,1184160862,2438370477,2088972562,3.67602025729866,19,349.00715260391735,171368.33372820116,,True,False,True,True,event_detected_parameters_recovered,0,0.1593561999998201
ffp,0.6,0.08,0.005,0.0,1.0,19.0,2758795455,1677.4981776532552,1677.498239809497,0.5814654039517034,0.08131168361460121,True,1765241212,3824129399,2364948880,2.275820869326708,19,423.41472066568997,172319.96996734047,,True,False,True,True,event_detected_parameters_recovered,0,0.19005420000030426
ffp,0.6,0.08,0.005,0.0,1.0,19.0,1299877086,1479.6577561940765,1479.6578408356254,0.6603742220579647,0.07564440111743718,True,446036239,3929347758,1727385296,5.1689195702419966,19,233.2219524259557,172047.96819903122,,True,False,True,True,event_detected_parameters_recovered,0,0.2007909000003565
ffp,0.6,0.08,0.005,0.0,1.0,19.0,3343884718,10.924596602273636,10.924545626829177,0.5995127273766309,0.07998589975112674,True,4054677890,2311773532,1824965682,1.419107273814575,19,136.55745752842046,171370.0742285422,,True,False,True,True,event_detected_parameters_recovered,0,0.17904029999954219
ffp,0.6,0.08,0.005,0.0,1.0,19.0,1930628096,1699.019667840407,1699.0199810056772,0.6421912801527937,0.07679310049884834,True,170489522,207923742,4049368828,5.1216904834655,19,188.81665199491238,172592.75596512653,,True,False,True,True,event_detected_parameters_recovered,0,0.1891009999999369
ffp,0.6,0.08,0.005,0.0,1.0,19.0,3309472877,245.33984854232835,245.33986311477102,0.6564813087231355,0.0754973783538939,True,985730209,1604439278,2526232789,5.0180990159424255,19,97.31439322089557,171988.1844425836,,True,False,True,True,event_detected_parameters_recovered,0,0.16565569999875152
ffp,0.6,0.08,0.005,0.0,1.0,19.0,870834434,426.62955889473875,426.6292378018829,0.6029198695445689,0.08005626960961519,True,669607768,695701596,3230231189,3.935191844611836,19,114.00551381576562,172652.84933703864,,True,False,True,True,event_detected_parameters_recovered,0,0.19433899999967252
ffp,0.6,0.08,0.005,0.0,1.0,19.0,254816366,1326.4233873250325,1326.423141141021,0.6287594619882019,0.07753244404730811,True,2380068090,2797037502,3488024804,1.877748304796114,19,280.6451584370933,171267.7987046651,,True,False,True,True,event_detected_parameters_recovered,0,0.14802340000096592
ffp,0.6,0.08,0.005,0.0,1.0,19.0,611361596,57.96351934215573,57.963384029268894,0.6458325070800133,0.07649393490712796,True,3689684002,1423398198,2398482261,1.6678527146177657,19,156.7060082230534,170467.39631331505,,True,False,True,True,event_detected_parameters_recovered,0,0.20914909999919473
ffp,0.6,0.08,0.005,0.0,1.0,19.0,320147204,220.5953051715961,220.59528188369435,0.6218186454944008,0.0778416223578186,True,2096754289,98076609,1009330138,2.660552882716729,19,406.6211853550488,172223.63953458317,,True,False,True,True,event_detected_parameters_recovered,0,0.2289216999997734
ffp,0.6,0.08,0.005,0.0,1.0,19.0,4081402034,1296.2564704651263,1296.256501301766,0.5664037195355358,0.08285392643811819,True,950721595,3100818016,696695333,0.5174698778864695,19,223.5183808140789,171861.550148299,,True,False,True,True,event_detected_parameters_recovered,0,0.20391360000030545
ffp,0.6,0.08,0.005,0.0,1.0,19.0,2699325376,240.56907251081907,240.5692357962445,0.5941110710538897,0.08066377313118948,True,2759062083,2102219532,3969696686,2.1355843916899175,19,156.94909361476164,171915.7726358379,,True,False,True,True,event_detected_parameters_recovered,0,0.19026409999969474
ffp,0.6,0.08,0.005,0.0,1.0,19.0,2121027203,1671.3569208669726,1671.3570253489058,0.6019908995120411,0.07996050407642846,True,1454919225,1195945944,787428892,3.9660485893909936,19,346.64901083715733,172109.9318725246,,True,False,True,True,event_detected_parameters_recovered,0,0.17427390000011656
ffp,0.6,0.08,0.005,0.0,1.0,19.0,2953101705,1502.881031477539,1502.8810314654752,0.6152647602643396,0.0787856860322394,True,1317900554,1372937113,3047131509,2.2853278809270705,19,357.73710653076307,171591.7572047701,,True,False,True,True,event_detected_parameters_recovered,0,0.19222830000035174
ffp,0.6,0.08,0.005,0.0,1.0,19.0,1046136598,1305.5729472737505,1305.5728297061369,0.629085929236978,0.07790822366252775,True,2526649633,1801230309,1653035725,2.65592565323459,19,339.97434092188143,171665.69013466465,,True,False,True,True,event_detected_parameters_recovered,0,0.21507279999968887
ffp,0.6,0.3,0.005,0.0,1.0,19.0,860117650,1511.4138845645248,1511.4143610162582,0.6037980293176821,0.2997791938131973,True,2703041611,2254577171,2672883552,4.006226813653484,72,66.95371811825075,642516.1379049199,,True,False,True,True,event_detected_parameters_recovered,0,0.1876146999984485
ffp,0.6,0.3,0.005,0.0,1.0,19.0,1008791172,1304.883022181323,1304.883563524331,0.6285064548760033,0.29224033395004534,True,369961028,2256149008,2881185552,3.9480587525758892,72,88.3600739377433,644017.4536341603,,True,False,True,True,event_detected_parameters_recovered,0,0.2009068000006664
ffp,0.6,0.3,0.005,0.0,1.0,19.0,2717091527,61.465797688910605,61.465931517305656,0.5954624081399686,0.300908644242659,True,1324098415,486210263,3795636808,0.7513279566137498,71,30.114007703631316,644758.5514869901,,True,False,True,True,event_detected_parameters_recovered,0,0.19268749999901047
ffp,0.6,0.3,0.005,0.0,1.0,19.0,393570051,66.66608181385553,66.66635145320319,0.5982603270842503,0.30134351542580573,True,1121987714,1961233258,2347179442,2.2421880333467925,71,12.779727287148244,644028.1543680863,,True,False,True,True,event_detected_parameters_recovered,0,0.2166415000010602
ffp,0.6,0.3,0.005,0.0,1.0,19.0,1355903948,0.8532987941503178,0.8529099484483018,0.616032202555998,0.2943604191850224,True,2446853021,1331132409,2590638461,5.449736423540514,72,2.844329313834393,642800.5098978888,,True,False,True,True,event_detected_parameters_recovered,0,0.19776490000003832
ffp,0.6,0.3,0.005,0.0,1.0,19.0,3627813401,1653.833032709918,1653.8325786296016,0.6127525061401519,0.29676895746032733,True,2944086457,1373708265,2663755516,1.9328976633914863,71,34.026775699726386,644932.5261595447,,True,False,True,True,event_detected_parameters_recovered,0,0.21413459999894258
ffp,0.6,0.3,0.005,0.0,1.0,19.0,1890547713,405.20138569195507,405.2014226244515,0.5828096976242784,0.3051279512808046,True,1918348182,2137329733,1821764986,5.504603759418387,72,101.82871436014977,643781.9256812603,,True,False,True,True,event_detected_parameters_recovered,0,0.21147510000082548
ffp,0.6,0.3,0.005,0.0,1.0,19.0,1654750732,379.0534785744686,379.05336405334845,0.6103397693888516,0.29780004885114336,True,3759665397,3701912762,2985493718,3.290852825566617,71,46.011595248228716,642862.7782991306,,True,False,True,True,event_detected_parameters_recovered,0,0.2187515000005078
ffp,0.6,0.3,0.005,0.0,1.0,19.0,1650681530,384.9819130376972,384.98174238644043,0.6110733097354486,0.29757329181068526,True,501019408,58503455,2640553914,3.1547741977101396,71,65.77304345899071,644493.389546141,,True,False,True,True,event_detected_parameters_recovered,0,0.20111589999942225
ffp,0.6,0.3,0.005,0.0,1.0,19.0,3581765888,1497.917677936106,1497.9175683401243,0.5951325125727024,0.3024512563956436,True,3625055355,3971992342,1027768474,5.943771809179452,72,111.94107354631342,643699.2150941871,,True,False,True,True,event_detected_parameters_recovered,0,0.19110169999839854
ffp,0.6,0.3,0.005,0.0,1.0,19.0,2885757298,27.913128472944997,27.913088168816817,0.6060730925677403,0.2979113456466614,True,3981687449,3098494804,678403927,1.294998961308238,71,93.04376157648333,643219.8339438423,,True,False,True,True,event_detected_parameters_recovered,0,0.18800030000056722
ffp,0.6,0.3,0.005,0.0,1.0,19.0,538543273,252.98300603340314,252.9833943570938,0.605190965660309,0.2995937200149763,True,1435039588,1080010545,438688338,2.2286881355557853,53,0.47331322198952347,532299.8051632837,,True,False,True,True,event_detected_parameters_recovered,0,0.898288300000786
ffp,0.6,0.3,0.005,0.0,1.0,19.0,2677467035,183.70613349501414,183.7062076688622,0.624751628614178,0.29296767949429503,True,355266149,2564031196,4155358086,4.067767179094517,72,3.60377831671381,642703.56071033,,True,False,True,True,event_detected_parameters_recovered,0,0.21531640000102925
ffp,0.6,0.3,0.005,0.0,1.0,19.0,2142913724,399.62896770878183,399.62900734389734,0.586232157777542,0.30445658546532944,True,689472564,4050096425,2742687619,4.6135004955158365,72,114.59655902927277,644845.8863842101,,True,False,True,True,event_detected_parameters_recovered,0,0.18519209999976738
ffp,0.6,0.3,0.005,0.0,1.0,19.0,3633305111,1289.6107309504146,1289.6107594556872,0.5993650249504274,0.30037076996650697,True,3679070926,2652869490,4057649628,1.752568657284428,71,37.45243650138188,644831.5005826501,,True,False,True,True,event_detected_parameters_recovered,0,0.22350290000031237
ffp,0.6,0.3,0.005,0.0,1.0,19.0,847941811,70.05094946046671,70.05040636736311,0.5960667691918754,0.30224365767991973,True,1344977356,871779785,2514187942,4.332776911555811,72,1.4968351317776296,639065.1588095922,,True,False,True,True,event_detected_parameters_recovered,0,0.21280140000089887
ffp,0.6,0.3,0.005,0.0,1.0,19.0,2827674694,1298.519688652016,1298.5200394839098,0.5765942533856779,0.3072066266796497,True,789942556,3216664628,3752996549,4.651659011069569,72,67.14896217338644,644858.4288397203,,True,False,True,True,event_detected_parameters_recovered,0,0.20377600000028906
ffp,0.6,0.3,0.005,0.0,1.0,19.0,2196178937,1688.1689652480995,1688.1688650537706,0.5771952950094881,0.3062315964943777,True,830541776,350479395,265379739,1.2099575024694786,71,86.52011583966821,642762.2235082978,,True,False,True,True,event_detected_parameters_recovered,0,0.21011670000007143
ffp,0.6,0.3,0.005,0.0,1.0,19.0,1257836482,1663.9801708878192,1663.9806704096686,0.6004491817274586,0.2987343116958258,True,3510258180,257310883,334512988,5.246078568925441,72,67.85056962606404,643913.4258383262,,True,False,True,True,event_detected_parameters_recovered,0,0.2125476000001072
ffp,0.6,0.3,0.005,0.0,1.0,19.0,1478000854,372.6648359766908,372.66464192958523,0.5970610964311807,0.3007451932141206,True,2223789535,612326077,18421368,5.163806402379123,72,24.71611992230275,643420.4621452902,,True,False,True,True,event_detected_parameters_recovered,0,0.18541999999979453
ffp,0.6,0.3,0.005,0.0,1.0,19.0,982646689,198.59996655478562,198.59963004951777,0.592529291263769,0.3010457664275378,True,280332705,3549543550,1736261636,1.851838899251561,71,53.24988851595208,642891.700472175,,True,False,True,True,event_detected_parameters_recovered,0,0.19982949999939592
ffp,0.6,0.3,0.005,0.0,1.0,19.0,2306213735,1481.6918170889494,1481.6915623929763,0.5964108675976766,0.3010385398849448,True,2358566986,3252677254,1540077496,6.016608198187896,72,68.97272362983131,644037.0932212736,,True,False,True,True,event_detected_parameters_recovered,0,0.2214120999997249
ffp,0.6,0.3,0.005,0.0,1.0,19.0,3248440503,1482.6107028945694,1482.6108546289383,0.5966593364418896,0.30078952931496933,True,2330753873,922880246,1747237179,1.7878317040594993,71,72.03567631523129,642878.983115454,,True,False,True,True,event_detected_parameters_recovered,0,0.22066860000086308
ffp,0.6,0.3,0.005,0.0,1.0,19.0,422802365,1338.976545088601,1338.9762591237852,0.5928747733432607,0.3015683703349144,True,1337967883,2703551449,310849749,1.024927910657425,71,32.99484970466362,645153.3407512711,,True,False,True,True,event_detected_parameters_recovered,0,0.1832961999989493
ffp,0.6,0.3,0.005,0.0,1.0,19.0,3326428392,420.5709550140196,420.5714732563514,0.6043308672453488,0.29849274216513655,True,2547153458,3337779811,2600599199,4.224780053691575,72,50.59681661993466,643431.5994132066,,True,False,True,True,event_detected_parameters_recovered,0,0.19757149999895773
ffp,0.6,1.0,0.005,0.0,1.0,19.0,1053768525,400.8946746112682,400.89415757016144,0.5889339774272798,1.0113278962279906,True,409618810,1952284044,800981288,0.13144007036316907,238,34.855325388731785,2142641.542358391,,True,False,True,True,event_detected_parameters_recovered,0,0.1811018000007607
ffp,0.6,1.0,0.005,0.0,1.0,19.0,1169386800,1497.666970827288,1497.6669144894295,0.6050786491022832,0.997019661961808,True,225703484,2193222221,829022564,3.9620085084607126,238,33.83302917271203,2140774.8316530143,,True,False,True,True,event_detected_parameters_recovered,0,0.18474129999958677
ffp,0.6,1.0,0.005,0.0,1.0,19.0,957734570,1315.1680245388245,1315.1683620318179,0.6007947350649944,1.0002928637077815,True,3001892873,163390592,1152137674,3.944663895163103,238,33.70697546117549,2138525.2139171683,,True,False,True,True,event_detected_parameters_recovered,0,0.1903546000012284
ffp,0.6,1.0,0.005,0.0,1.0,19.0,1531113107,190.71944792055606,190.71966643492664,0.5888115501087372,1.011482833215084,True,121941275,1728670820,1764186371,3.705005604761027,238,8.094447920556064,2139871.958748504,,True,False,True,True,event_detected_parameters_recovered,0,0.18733809999866935
ffp,0.6,1.0,0.005,0.0,1.0,19.0,3339797579,1483.6391878340673,1483.6394517138574,0.6069609088138334,0.9925596378500015,True,621016862,1485357906,2501594891,3.0304811785026686,238,22.639187834067343,2140508.1761520845,,True,False,True,True,event_detected_parameters_recovered,0,0.20183350000115752
ffp,0.6,1.0,0.005,0.0,1.0,19.0,1894132459,430.114124873195,430.1134613170792,0.5947841956643506,1.006304097400776,True,3357581656,2758223006,555093020,4.439817117190614,238,5.63587512680499,2142258.5898874565,,True,False,True,True,event_detected_parameters_recovered,0,0.19929160000174306
ffp,0.6,1.0,0.005,0.0,1.0,19.0,3192155239,0.48211174016578157,0.4812568579197932,0.6266988524910421,0.9731739503616912,True,2684422686,52967630,638600609,4.540905838726035,177,0.48211174016578157,1777016.281067821,,True,False,True,True,event_detected_parameters_recovered,0,0.22519199999987904
ffp,0.6,1.0,0.005,0.0,1.0,19.0,1644873584,1503.3236311428477,1503.32362430705,0.5865514587615575,1.013426090939147,True,2322809216,3231428018,2315838176,1.6711540720643825,238,28.176368857152283,2141576.5890930253,,True,False,True,True,event_detected_parameters_recovered,0,0.18522769999981392
ffp,0.6,1.0,0.005,0.0,1.0,19.0,3699366446,231.96336579547,231.96384005063777,0.5937728856894908,1.0078680882645028,True,1956251788,4121776884,624376031,3.9532544986377616,238,21.161634204530003,2135967.162494871,,True,False,True,True,event_detected_parameters_recovered,0,0.16688869999961753
ffp,0.6,1.0,0.005,0.0,1.0,19.0,574037234,422.9529823945124,422.95353629394396,0.6059896551506608,0.99525132249573,True,4272048740,408157326,2517646299,1.5946478455225588,238,12.79701760548761,2138132.1623721006,,True,False,True,True,event_detected_parameters_recovered,0,0.18818629999987024
ffp,0.6,1.0,0.005,0.0,1.0,19.0,1110332081,200.76386027536103,200.76413866126447,0.5943928961970076,1.0047426766704444,True,2093097517,898897776,2178687985,3.9412034710903754,238,18.138860275361026,2138100.9445855957,,True,False,True,True,event_detected_parameters_recovered,0,0.18314599999939674
ffp,0.6,1.0,0.005,0.0,1.0,19.0,1711136531,1303.6921765429863,1303.6916661998443,0.5909853190285393,1.0083170545194635,True,2838620200,1468992519,3463800142,0.5657779637840576,238,25.317176542986317,2139507.132959133,,True,False,True,True,event_detected_parameters_recovered,0,0.19106959999953688
ffp,0.6,1.0,0.005,0.0,1.0,19.0,1554699014,1685.3885253897527,1685.3884453864544,0.5947869491553821,1.0055550342375725,True,3339797827,2394139407,834499576,2.4765614680291037,238,28.736474610247342,2137296.521020653,,True,False,True,True,event_detected_parameters_recovered,0,0.20171409999966272
ffp,0.6,1.0,0.005,0.0,1.0,19.0,2203659831,1684.8533073744463,1684.852787722002,0.6054034669807383,0.9966342492270587,True,1488906723,1833282801,3241509843,5.9373805759241804,238,29.27169262555367,2134791.2362359846,,True,False,True,True,event_detected_parameters_recovered,0,0.18921640000007756
ffp,0.6,1.0,0.005,0.0,1.0,19.0,3614580245,67.79426725374762,67.79437984326013,0.6011135453686749,0.9989587641825752,True,2966866929,1267956767,2508684725,0.944845411827373,238,2.70573274625238,2135070.288457933,,True,False,True,True,event_detected_parameters_recovered,0,0.21009070000036445
ffp,0.6,1.0,0.005,0.0,1.0,19.0,309119304,1292.9666894793077,1292.9672634634355,0.601315716808261,0.9961269080061929,True,4200009727,1199161131,932789002,5.6671497186107445,238,14.59168947930766,2138038.2546985038,,True,False,True,True,event_detected_parameters_recovered,0,0.18958790000033332
ffp,0.6,1.0,0.005,0.0,1.0,19.0,3385191585,1322.1801516984904,1322.1806830280857,0.6008491368710263,0.999587517918766,True,874496207,2661559973,3139247087,2.1184460612857947,238,26.694848301509637,2137424.649728275,,True,False,True,True,event_detected_parameters_recovered,0,0.18966179999915767
ffp,0.6,1.0,0.005,0.0,1.0,19.0,2632220512,200.04579851094613,200.0463833269543,0.6131154080297165,0.9862292593516924,True,973652315,3392182994,3531401768,2.6498557710965542,238,17.420798510946128,2137151.678530444,,True,False,True,True,event_detected_parameters_recovered,0,0.20233189999999013
ffp,0.6,1.0,0.005,0.0,1.0,19.0,1819026240,1334.7688377793318,1334.769292914331,0.5992187298761589,0.9992975821889739,True,3034433969,1742522587,3392161006,4.026402540475829,238,14.106162220668239,2142356.6578440303,,True,False,True,True,event_detected_parameters_recovered,0,0.18454910000036762
ffp,0.6,1.0,0.005,0.0,1.0,19.0,612055082,59.93638671212489,59.93674141683526,0.586528286689994,1.0130753393226766,True,462600508,1822456576,2788985855,0.9031345288008197,238,10.563613287875107,2138087.022184151,,True,False,True,True,event_detected_parameters_recovered,0,0.17704659999981232
ffp,0.6,1.0,0.005,0.0,1.0,19.0,3793855998,3.9513546158376243,3.950137588418069,0.5977516548515559,1.0019839649573243,True,900058239,2723765420,2419442425,2.950646806116808,238,3.9513546158376243,2140295.351240446,,True,False,True,True,event_detected_parameters_recovered,0,0.19726749999972526
ffp,0.6,1.0,0.005,0.0,1.0,19.0,3508378282,1320.4357011809325,1320.4357509099846,0.6121380077588789,0.9882001206950983,True,3870771082,993929668,2796080371,5.190299231398967,238,28.439298819067517,2135804.6022795364,,True,False,True,True,event_detected_parameters_recovered,0,0.20959799999945972
ffp,0.6,1.0,0.005,0.0,1.0,19.0,1535912672,1520.537334194363,1520.5377226349706,0.6003665838301865,1.00041232156571,True,173400376,1108550423,695750410,5.2612402023078175,238,10.962665805637016,2139916.879949142,,True,False,True,True,event_detected_parameters_recovered,0,0.19315669999923557
ffp,0.6,1.0,0.005,0.0,1.0,19.0,1026120324,426.737173966962,426.7371281953581,0.5936002343215572,1.0075059440000163,True,996464476,1419105767,2070825211,5.830512156453551,238,9.012826033037982,2138402.3452710398,,True,False,True,True,event_detected_parameters_recovered,0,0.17006160000164527
ffp,0.6,1.0,0.005,0.0,1.0,19.0,2514373277,411.77772281582617,411.7776819744873,0.5820213089570268,1.0169181422535623,True,4107154998,891393706,635775663,2.2208545862304163,238,23.972277184173834,2138339.890286996,,True,False,True,True,event_detected_parameters_recovered,0,0.16902769999978773
ffp,1.0,0.02,0.005,0.0,1.0,19.0,1527012303,51.000565919160394,51.00063131542552,1.058416898179773,0.01968068143723383,True,1800944043,1313446027,1262615721,5.9149235978691195,4,974.9717040419803,13807.93909909625,,True,False,True,True,event_detected_parameters_recovered,0,0.32526189999953203
ffp,1.0,0.02,0.005,0.0,1.0,19.0,2249322404,237.55931887830837,237.55909437615767,1.0398319749116396,0.01945726615078102,True,3034322741,1977716281,863631819,4.380815208587592,5,778.2840560845813,13502.64332246015,,True,False,True,True,event_detected_parameters_recovered,0,0.3065253999993729
ffp,1.0,0.02,0.005,0.0,1.0,19.0,3560051366,390.83292891178127,390.8326877816326,0.745381170051875,0.0242508652205692,True,2445154634,2839273318,89251911,5.0823671468606335,4,1279.1464455890632,13446.292989058777,,True,False,True,False,event_detected_parameters_not_recovered,0,0.19594990000041435
ffp,1.0,0.02,0.005,0.0,1.0,19.0,850111388,17.63119918675225,17.63107482528558,1.6020586090782556,0.014571752454914853,True,871240597,1745751846,164049577,3.1268289222788326,5,881.5599593376126,13307.525218506322,,True,False,True,False,event_detected_parameters_not_recovered,0,0.6126905999990413
ffp,1.0,0.02,0.005,0.0,1.0,19.0,1835649822,198.5826089787207,198.58248442241782,1.058164431601425,0.01927238135371414,True,860624189,3443605066,1520671561,1.056929365772703,5,797.8804489360357,13951.463321172574,,True,False,True,True,event_detected_parameters_recovered,0,0.3511572999996133
ffp,1.0,0.02,0.005,0.0,1.0,19.0,1303348349,194.10382478507643,194.10383979600957,0.7922932433119303,0.023058399062566442,True,4252258699,486761074,957443747,0.9076905157689907,5,573.9412392538213,13282.802860163945,,True,False,True,False,event_detected_parameters_not_recovered,0,0.2478064999995695
ffp,1.0,0.02,0.005,0.0,1.0,19.0,803171448,68.99690876528948,68.99713004016566,0.7293406716527677,0.02472740390745146,True,3205863690,2255075949,4187520037,2.44862203269804,5,75.15456173552622,13510.819324075586,,True,False,True,False,event_detected_parameters_not_recovered,0,0.21263230000113253
ffp,1.0,0.02,0.005,0.0,1.0,19.0,554790481,1292.5495349401072,1292.5493347489278,0.9007153617267474,0.02124620225659361,True,1382547603,1647023399,728871204,1.3696861696007545,5,708.7267470053575,13199.741447554283,,True,False,True,True,event_detected_parameters_recovered,0,0.27141970000047877
ffp,1.0,0.02,0.005,0.0,1.0,19.0,4174556309,385.6829740024914,385.683073314981,1.444925849224451,0.015560711292764776,True,1855550527,3730854136,3960270055,3.7174365017563105,5,1021.6487001245696,13703.98337370991,,True,False,True,False,event_detected_parameters_not_recovered,0,0.5682092000006378
ffp,1.0,0.02,0.005,0.0,1.0,19.0,2696339662,17.079092569843713,17.079068233792427,0.7646268039060479,0.02384194548958066,True,1733356566,1029386692,4046478964,5.406699425956276,4,853.9546284921856,13445.787261882811,,True,False,True,False,event_detected_parameters_not_recovered,0,0.22758649999923364
ffp,1.0,0.02,0.005,0.0,1.0,19.0,191072556,1659.4254683115166,1659.4250771330853,0.7535434596735756,0.023790371393222653,True,2476200038,4279173679,1323780516,4.674368668747775,4,790.0234155758312,13302.634346668368,,True,False,True,False,event_detected_parameters_not_recovered,0,0.23199389999899722
ffp,1.0,0.02,0.005,0.0,1.0,19.0,4292226399,1286.1088109237076,1286.108963835817,0.9956934369489471,0.019783931569405545,True,761082759,522809117,1007006408,4.687730180376093,4,386.69054618537757,13130.600015328739,,True,False,True,True,event_detected_parameters_recovered,0,0.3064250000006723
ffp,1.0,0.02,0.005,0.0,1.0,19.0,4011704430,1304.9279390106449,1304.9280078659103,0.6477845956150629,0.025930922262494018,True,2214742858,220725642,2020904167,0.2321754711738322,5,1327.6469505322439,12999.413723080172,,True,False,True,False,event_detected_parameters_not_recovered,0,0.18921960000079707
ffp,1.0,0.02,0.005,0.0,1.0,19.0,3159606157,1506.4065483173977,1506.4067177943386,0.8631303478604644,0.021961842204530922,True,3651567479,2077926152,1865331338,2.9704227035836084,5,1254.6725841301168,13668.016375064552,,True,False,True,True,event_detected_parameters_recovered,0,0.2681821999995009
ffp,1.0,0.02,0.005,0.0,1.0,19.0,2242312923,198.45456266466408,198.45464559486226,1.0661403185160159,0.019565222069672747,True,4135370599,1149632524,1415030898,1.82976287584097,5,791.4781332332041,13778.210444750082,,True,False,True,True,event_detected_parameters_recovered,0,0.37294240000119316
ffp,1.0,0.02,0.005,0.0,1.0,19.0,2684201531,25.03474476087793,25.034753813901336,0.9448166689814911,0.020521402802885606,True,4058270127,3608662365,1967964905,4.132455662436314,5,1251.7372380438965,13117.544035034785,,True,False,True,True,event_detected_parameters_recovered,0,0.27915720000055444
ffp,1.0,0.02,0.005,0.0,1.0,19.0,4284983441,1670.333327678215,1670.3333211380063,1.2042645196203916,0.017778695447711275,True,1290204907,3131557123,2722559597,5.908143226952234,4,1335.4163839107514,13419.806127226373,,True,False,True,False,event_detected_parameters_not_recovered,0,0.42022759999963455
ffp,1.0,0.02,0.005,0.0,1.0,19.0,1564772479,1507.8100006313182,1507.8103830072055,0.699523161172402,0.024525523985831674,True,1422354893,2940677410,4223677159,2.699090650494327,5,1184.4999684340905,13318.615572332026,,True,False,True,False,event_detected_parameters_not_recovered,0,0.20822030000090308
ffp,1.0,0.02,0.005,0.0,1.0,19.0,2855915886,1495.6469127699595,1495.6468110869575,0.9981614521697475,0.019615082380245848,True,3226600334,2839808705,3720393026,3.2543889276712434,5,1732.345638497975,13458.313368046307,,True,False,True,True,event_detected_parameters_recovered,0,0.3210331000009319
ffp,1.0,0.02,0.005,0.0,1.0,19.0,1011380544,52.36459931078523,52.36482032691459,1.4365906787114915,0.015413127568813486,True,381371026,1633633719,2583668340,2.176992461684222,5,906.7700344607384,13694.000796616747,,True,False,True,False,event_detected_parameters_not_recovered,0,0.5898637999998755
ffp,1.0,0.02,0.005,0.0,1.0,19.0,4185731281,1710.4939689669031,1710.493739096398,0.8158628960973978,0.02309042408962461,True,3449260223,2606313634,2024212541,0.4846873004862573,5,181.55155165484302,13709.960319766331,,True,False,True,True,event_detected_parameters_recovered,0,0.2403024999985064
ffp,1.0,0.02,0.005,0.0,1.0,19.0,1572616073,1525.889764476842,1525.8898684325952,0.9683219394083428,0.02024884396635433,True,2818567622,1402409968,1955750284,5.060847000750073,4,280.51177615790266,13256.162135173741,,True,False,True,True,event_detected_parameters_recovered,0,0.29949950000082026
ffp,1.0,0.02,0.005,0.0,1.0,19.0,2188645289,199.82728752774796,199.8273257508923,1.080515482600575,0.019029009261410056,True,1212310307,2798612671,1975776441,2.5940399656201407,5,860.1143763873978,13484.837386588013,,True,False,True,True,event_detected_parameters_recovered,0,0.3636010999998689
ffp,1.0,0.02,0.005,0.0,1.0,19.0,562477766,1332.3837554836705,1332.3838624656028,0.5977160423372754,0.027620638544869295,True,2768472496,2183439960,424731861,5.907896775424888,4,824.5622258164758,13386.38191284251,,True,False,True,False,event_detected_parameters_not_recovered,0,0.1997425999998086
ffp,1.0,0.02,0.005,0.0,1.0,19.0,468900465,1300.0177876582516,1300.0175797404147,0.9280872507705571,0.021213845131951927,True,1791494210,2999712470,2983754108,3.9857720015425,5,1082.1393829125782,13211.959020598879,,True,False,True,True,event_detected_parameters_recovered,0,0.28481139999894367
ffp,1.0,0.08,0.005,0.0,1.0,19.0,1244452318,56.987483142777315,56.98694000860068,1.0893951047031347,0.07586820900364427,True,2514435215,998254627,3195148512,0.22427439078228417,19,168.90646071528357,53556.155695909525,,True,False,True,True,event_detected_parameters_recovered,0,0.3559523000003537
ffp,1.0,0.08,0.005,0.0,1.0,19.0,1564646064,250.4600272397361,250.45953896652793,1.0004988637047243,0.08074990149917105,True,3740201463,136533152,2812192978,0.860774746251991,19,33.312159503298844,53391.13984821493,,True,False,True,True,event_detected_parameters_recovered,0,0.3374484999985725
ffp,1.0,0.08,0.005,0.0,1.0,19.0,1653068560,63.58991986310258,63.590125366600994,1.0874202342872241,0.07600764591605128,True,2365305101,2575579004,3548368022,3.315397119112049,19,86.37600171121775,53102.15736433205,,True,False,True,True,event_detected_parameters_recovered,0,0.38665100000071106
ffp,1.0,0.08,0.005,0.0,1.0,19.0,3104918364,435.7071626105186,435.7063605769009,0.7759473163206166,0.09421370367894501,True,3758738855,3174320803,3890252384,0.18584116131933115,15,0.5354673685175726,43536.35286817547,,True,False,True,False,event_detected_parameters_not_recovered,0,0.28106449999904726
ffp,1.0,0.08,0.005,0.0,1.0,19.0,3235720367,19.28756288071749,19.2873188670647,1.0626944924239796,0.07766961104105408,True,2996030351,949118657,707538606,4.590548232040419,19,241.09453600896865,53732.70207229986,,True,False,True,True,event_detected_parameters_recovered,0,0.3705611000004865
ffp,1.0,0.08,0.005,0.0,1.0,19.0,2703337909,1494.3283425704997,1494.3278136163633,0.947461843485546,0.0830097942179079,True,404152141,1067618218,3943712606,4.213301698437135,19,416.6042821312459,54019.941218428794,,True,False,True,True,event_detected_parameters_recovered,0,0.3230540000004112
ffp,1.0,0.08,0.005,0.0,1.0,19.0,1430257152,235.40829645514907,235.40800662093952,0.9394405356656305,0.084004685382844,True,2678839434,2951495370,4181940988,4.253104559056737,19,221.45879431063662,53930.044992842275,,True,False,True,True,event_detected_parameters_recovered,0,0.3252324999994016
ffp,1.0,0.08,0.005,0.0,1.0,19.0,2974232134,238.8460714277174,238.8465061668829,0.9524080715578007,0.08197589969050532,True,2193393668,115093194,3571072071,2.7571440589645135,19,178.48660715353262,54295.888641220634,,True,False,True,True,event_detected_parameters_recovered,0,0.3104429999984859
ffp,1.0,0.08,0.005,0.0,1.0,19.0,3173967004,1287.3641028364566,1287.3639525064966,1.201215018095568,0.07118184311356535,True,2933373068,990099657,1307937776,2.691915454233822,19,112.36378545570744,54236.52618185841,,True,False,True,False,event_detected_parameters_not_recovered,0,0.39959020000060264
ffp,1.0,0.08,0.005,0.0,1.0,19.0,1757129365,242.52947025242082,242.52841916484334,1.5912302413234258,0.057702580570112884,True,2746397489,1607390012,2273031278,1.5371635158089703,19,132.44412184473973,53963.24329513426,,True,False,True,False,event_detected_parameters_not_recovered,0,0.6626364000003377
ffp,1.0,0.08,0.005,0.0,1.0,19.0,4235542367,368.02736295239134,368.0276837721418,0.9386207266835864,0.08307147538634843,True,440312566,135439625,963511075,5.697348568628513,19,34.717036904891785,53483.680222319985,,True,False,True,True,event_detected_parameters_recovered,0,0.3031403999993927
ffp,1.0,0.08,0.005,0.0,1.0,19.0,4164974077,3.008049850819405,3.007825774296361,1.1520217967024742,0.07277240908398017,True,3153000422,4257224809,3660708171,0.20821482008628323,19,37.60062313524256,52997.26342784894,,True,False,True,True,event_detected_parameters_recovered,0,0.38763570000082836
ffp,1.0,0.08,0.005,0.0,1.0,19.0,3514915332,218.00328858253252,218.00356227518085,0.8454979317517058,0.08942668481645161,True,3911735235,3482941251,2555609702,3.735558864441373,19,439.0213927183435,52954.45156769395,,True,False,True,True,event_detected_parameters_recovered,0,0.26135469999826455
ffp,1.0,0.08,0.005,0.0,1.0,19.0,1586009500,198.847302432642,198.84722632141828,1.2341901433755618,0.0707082095877229,True,4115893152,1327720817,3295637582,4.98449698742661,19,202.7787804080251,54105.148235445806,,True,False,True,False,event_detected_parameters_not_recovered,0,0.4840805999992881
ffp,1.0,0.08,0.005,0.0,1.0,19.0,1137198617,1680.6211270336617,1680.6213696574616,0.8583227782146843,0.08842724387114306,True,3743048753,1854988577,232763073,1.8770713285994134,19,418.79841207922937,53993.58740125379,,True,False,True,True,event_detected_parameters_recovered,0,0.2686389999998937
ffp,1.0,0.08,0.005,0.0,1.0,19.0,1514669686,4.246814455326506,4.24658109927129,0.815821687434267,0.09099574713668905,True,2681506239,3642183602,1868572412,4.912815670114696,19,53.08518069158132,54254.89565777906,,True,False,True,True,event_detected_parameters_recovered,0,0.23854750000100466
ffp,1.0,0.08,0.005,0.0,1.0,19.0,20421280,405.1891181462028,405.18865220174627,0.9591229871517765,0.08232716009801805,True,348329662,1553788712,3560579749,1.0301303574124177,19,382.0110231724648,53660.98511680782,,True,False,True,True,event_detected_parameters_recovered,0,0.30093529999976454
ffp,1.0,0.08,0.005,0.0,1.0,19.0,3951106641,64.49062095723154,64.48997898252853,1.224770509193942,0.07041477305774972,True,3164930649,3591323850,1272197494,1.0058215729691256,19,75.11723803460572,53595.36897206849,,True,False,True,False,event_detected_parameters_not_recovered,0,0.4342653000003338
ffp,1.0,0.08,0.005,0.0,1.0,19.0,3821842447,368.25617463071933,368.25673532782344,1.5998703333773219,0.058690626525116196,True,979061,1185236431,2324214120,2.9085317773206043,19,37.57718288399161,53688.11576210293,,True,False,True,False,event_detected_parameters_not_recovered,0,0.7067741999999271
ffp,1.0,0.08,0.005,0.0,1.0,19.0,3899399197,196.61756864178165,196.6183242198849,0.8700873938501169,0.08695178935587214,True,3870393605,2605974123,1474234665,2.7988441725347,19,174.90710802227056,53687.96385552788,,True,False,True,True,event_detected_parameters_recovered,0,0.21213709999938146
ffp,1.0,0.08,0.005,0.0,1.0,19.0,961060719,1695.4267637110497,1695.4268033902863,0.9074228078626713,0.0856876491620285,True,1779957940,34449176,3582859440,1.9602558102997136,19,233.72795361187855,53483.21946679984,,True,False,True,True,event_detected_parameters_recovered,0,0.26520069999969564
ffp,1.0,0.08,0.005,0.0,1.0,19.0,769717839,1527.0388649912832,1527.0384555458588,0.9723635933705977,0.08040869851786021,True,2168036271,3457815029,628572559,2.0655878022807883,19,55.76418760896047,53837.79926840407,,True,False,True,True,event_detected_parameters_recovered,0,0.3411453000007896
ffp,1.0,0.08,0.005,0.0,1.0,19.0,3661802179,397.86713531410294,397.8669098936761,0.9996440580306128,0.08048252186957923,True,1334292959,1684911627,755813459,3.5251478344071074,19,407.71419142628673,53899.005478705134,,True,False,True,True,event_detected_parameters_recovered,0,0.33942969999952766
ffp,1.0,0.08,0.005,0.0,1.0,19.0,474955868,1664.753916787775,1664.75431302876,1.6013816282485418,0.05847228641964212,True,4078651136,2761028891,1819726483,5.859825490406365,20,264.1114598471887,53455.59994342251,,True,False,True,False,event_detected_parameters_not_recovered,0,0.5881318000010651
ffp,1.0,0.08,0.005,0.0,1.0,19.0,746345804,1705.2145906527885,1705.2141409869505,0.8149144741500784,0.0889027686711102,True,3869252851,4206642632,173230837,3.9894596538943006,19,111.38011684014373,53330.517793198895,,True,False,True,True,event_detected_parameters_recovered,0,0.26849919999949634
ffp,1.0,0.3,0.005,0.0,1.0,19.0,3280105335,26.564236557064444,26.56522824956735,0.8278537646178398,0.33703346325897304,True,3868286240,582305006,1279825436,4.400642170844549,72,88.54745519021482,201128.45051899148,,True,False,True,True,event_detected_parameters_recovered,0,0.24834779999946477
ffp,1.0,0.3,0.005,0.0,1.0,19.0,1840512731,390.727250504109,390.72667246734176,0.9687953811763501,0.30544029756098745,True,4142681890,1629479912,3980830063,0.04072580556567118,71,84.92416834703003,200627.99999778654,,True,False,True,True,event_detected_parameters_recovered,0,0.31038100000114355
ffp,1.0,0.3,0.005,0.0,1.0,19.0,1203976229,26.853262213747474,26.853999446750045,0.9254143303868494,0.31450962429711055,True,2130359900,1195617047,3822291280,2.9024122056245005,71,89.51087404582492,201817.12081983505,,True,False,True,True,event_detected_parameters_recovered,0,0.2874298999995517
ffp,1.0,0.3,0.005,0.0,1.0,19.0,2730302607,6.452535134270965,6.452743606670832,1.0414285881653371,0.2917224976824228,True,1150598774,435756632,3227864837,1.1494066497728284,71,21.508450447569885,200754.68388993113,,True,False,True,True,event_detected_parameters_recovered,0,0.3100756999992882
ffp,1.0,0.3,0.005,0.0,1.0,19.0,3211291125,1517.644240602234,1517.6444855181485,1.0900219352050433,0.28363617217553744,True,721478004,2368827095,3651484452,1.6064675211237045,71,46.18586465921984,200959.0121002585,,True,False,True,True,event_detected_parameters_recovered,0,0.3319749000002048
ffp,1.0,0.3,0.005,0.0,1.0,19.0,1310383554,1522.0965645700862,1522.0980728433005,0.9363170002220892,0.314531176743919,True,3227937564,3144848135,2799584914,0.04701874782767845,71,31.344784766379234,199757.93772493617,,True,False,True,True,event_detected_parameters_recovered,0,0.29360039999846776
ffp,1.0,0.3,0.005,0.0,1.0,19.0,2689129440,8.756182380749868,8.75601921045613,0.9487947281958415,0.3101882804564619,True,720512413,727779589,4144031405,0.7026282798284456,71,29.18727460249956,200138.92752459086,,True,False,True,True,event_detected_parameters_recovered,0,0.3221429999994143
ffp,1.0,0.3,0.005,0.0,1.0,19.0,1517506460,1286.8796080220293,1286.8789977544138,0.9188783579955568,0.31767439766776884,True,2912117261,2866368841,1551110421,1.435551767826837,71,28.348693406764294,200494.8975794512,,True,False,True,True,event_detected_parameters_recovered,0,0.2965344999993249
ffp,1.0,0.3,0.005,0.0,1.0,19.0,972976755,1474.447021763334,1474.4470568485908,0.9770374761384495,0.3033597243130232,True,3450692067,1031835624,3842077514,3.711339273249905,72,44.82340587778026,200254.1237752572,,True,False,True,True,event_detected_parameters_recovered,0,0.34259100000053877
ffp,1.0,0.3,0.005,0.0,1.0,19.0,3051902355,1504.2953381061047,1504.2959401925857,1.0764829638158666,0.2843802569752499,True,3315426419,3115548827,376820606,6.01312697672256,72,90.68220631298422,201325.69247239968,,True,False,True,True,event_detected_parameters_recovered,0,0.3521165000001929
ffp,1.0,0.3,0.005,0.0,1.0,19.0,730049076,1310.1215265266364,1310.1215544353709,0.9288996471093462,0.31406778635275456,True,3910428954,231403325,3760015176,1.1981985269085271,71,105.82175508878815,199851.82289879315,,True,False,True,True,event_detected_parameters_recovered,0,0.27093299999978626
ffp,1.0,0.3,0.005,0.0,1.0,19.0,3056283864,232.77095056917628,232.77163764435704,1.0645154075780479,0.2896777610151537,True,2515693109,4172773334,3455893854,2.6311803611906726,71,67.84683143607907,200153.16988314578,,True,False,True,True,event_detected_parameters_recovered,0,0.3870802999990701
ffp,1.0,0.3,0.005,0.0,1.0,19.0,3939332572,1522.634324848471,1522.6330057968296,0.9603825227836376,0.3076177965910232,True,940322670,389718089,3987652883,0.07221787102025701,71,29.552250505097014,200992.44639483743,,True,False,True,True,event_detected_parameters_recovered,0,0.3216370000009192
ffp,1.0,0.3,0.005,0.0,1.0,19.0,3154848451,1301.027143969431,1301.0271074111295,1.037256954744909,0.29272932227193976,True,3419933366,3319393646,4167506427,2.512683897584793,71,75.50714656477037,200953.4372741085,,True,False,True,True,event_detected_parameters_recovered,0,0.34655449999991106
ffp,1.0,0.3,0.005,0.0,1.0,19.0,83590486,421.3583935157961,421.3579673824562,0.8939135341038996,0.3237352789697835,True,2232373115,1113329606,3152802720,4.3866625010196,72,47.972021614013066,201777.84972016403,,True,False,True,True,event_detected_parameters_recovered,0,0.27418260000013106
ffp,1.0,0.3,0.005,0.0,1.0,19.0,3528863781,1495.742655426582,1495.7432169637289,1.03835955492728,0.29253223691329744,True,945377371,4120021703,1501735310,4.076185535523109,72,115.80885142193969,200811.2356052223,,True,False,True,True,event_detected_parameters_recovered,0,0.3775486999984423
ffp,1.0,0.3,0.005,0.0,1.0,19.0,759095921,410.4295048927548,410.4292336421273,0.9513991218739319,0.31130696652157686,True,4283701397,2489328064,290829346,3.2129546306896373,71,84.40165035748407,201478.28129532989,,True,False,True,True,event_detected_parameters_recovered,0,0.3115894999991724
ffp,1.0,0.3,0.005,0.0,1.0,19.0,1607282735,1485.2837494425612,1485.2836428935846,0.9613836772758592,0.30610098222714677,True,3554304471,3873549227,4246517175,0.40080258149828296,71,80.94583147520402,200429.34477543292,,True,False,True,True,event_detected_parameters_recovered,0,0.3231410999997024
ffp,1.0,0.3,0.005,0.0,1.0,19.0,571685950,65.16237871949451,65.16197830894394,0.9287275637361138,0.31598726431327673,True,3847896372,3558263514,2553424135,1.6746439139569702,71,17.792070935018295,200214.80395281024,,True,False,True,True,event_detected_parameters_recovered,0,0.29249179999897024
ffp,1.0,0.3,0.005,0.0,1.0,19.0,2298306655,9.945228371415022,9.945576262610185,1.03027100378574,0.2942049763008605,True,192046062,340887915,4220950831,5.271145162482753,72,33.15076123805007,201673.64381626196,,True,False,True,True,event_detected_parameters_recovered,0,0.3372244000001956
ffp,1.0,0.3,0.005,0.0,1.0,19.0,1580539109,1704.9665514163303,1704.965804499685,0.9574884504924764,0.3087736349430853,True,2592227820,3538260036,4078158499,1.8340398449072381,71,30.52816194556575,200556.7700123468,,True,False,True,True,event_detected_parameters_recovered,0,0.2835770000001503
ffp,1.0,0.3,0.005,0.0,1.0,19.0,1783815926,214.08729156297494,214.08733641410967,0.8797826490448766,0.3253843701529481,True,1788925350,1482745039,2212872161,3.2998506995772914,71,104.87430520991647,200837.11759463555,,True,False,True,True,event_detected_parameters_recovered,0,0.2954444999995758
ffp,1.0,0.3,0.005,0.0,1.0,19.0,2952874213,216.05734550798917,216.05699663264545,1.0534295594443945,0.2918020604492047,True,3671210286,3888020544,1293472639,3.3224684789502135,71,111.44115169329723,201265.7480265192,,True,False,True,True,event_detected_parameters_recovered,0,0.36886709999998857
ffp,1.0,0.3,0.005,0.0,1.0,19.0,998274482,60.514809260401144,60.51453339742225,1.0516229437535467,0.2879716128010635,True,1838592089,1944546846,4207672561,2.8746650107109417,71,33.28396913199619,199926.9941881746,,True,False,True,True,event_detected_parameters_recovered,0,0.3668519999991986
ffp,1.0,0.3,0.005,0.0,1.0,19.0,1552994756,1474.1771325586415,1474.1769620743771,1.039468046647661,0.2915959519607331,True,3884064822,2282064376,475131843,2.270884514437057,71,43.923775195471535,200083.29426210147,,True,False,True,True,event_detected_parameters_recovered,0,0.3530917000007321
ffp,1.0,1.0,0.005,0.0,1.0,19.0,4147900626,226.93332623534636,226.93530956864655,1.027393267492753,0.9821520871816262,True,1393698023,2400278813,718388310,0.6897789208142058,238,26.191673764653643,665987.7012311826,,True,False,True,True,event_detected_parameters_recovered,0,0.30519080000158283
ffp,1.0,1.0,0.005,0.0,1.0,19.0,1801764737,55.74561791647818,55.74518349589985,0.9658080437577328,1.0229035555227972,True,451504610,2822951303,974297774,2.2897997378470336,238,14.754382083521818,667290.7027329874,,True,False,True,True,event_detected_parameters_recovered,0,0.31711970000105794
ffp,1.0,1.0,0.005,0.0,1.0,19.0,4094724210,34.94827613330122,34.94833534718567,0.9746222936154333,1.0157655263390828,True,4232413548,1566023119,4198947697,1.6176319526687166,238,34.94827613330122,662435.0340277102,,True,False,True,True,event_detected_parameters_recovered,0,0.29243079999832844
ffp,1.0,1.0,0.005,0.0,1.0,19.0,3812612889,391.34721257191427,391.34605500543444,0.971880062908696,1.0224980476666161,True,1002886259,449187469,2663445528,2.613896557577391,238,26.09721257191427,665397.6990423681,,True,False,True,True,event_detected_parameters_recovered,0,0.3157257999991998
ffp,1.0,1.0,0.005,0.0,1.0,19.0,2482257148,1700.9936627194702,1700.9931038476611,1.0578982156028198,0.9608956065983266,True,1845836101,4205118587,427262800,4.1743163450519205,238,13.131337280529806,667742.8715860053,,True,False,True,True,event_detected_parameters_recovered,0,0.3340672000013001
ffp,1.0,1.0,0.005,0.0,1.0,19.0,131567173,403.32215055217256,403.32207916218834,1.0420161700703008,0.9767389809833343,True,4253360955,3427831792,4038954844,1.2032050380003056,238,32.42784944782744,666381.158108545,,True,False,True,True,event_detected_parameters_recovered,0,0.32642589999886695
ffp,1.0,1.0,0.005,0.0,1.0,19.0,4004897721,1671.3859800307957,1671.3856239319655,1.047400026513938,0.9762705407934719,True,825359264,184347518,227696366,2.5887555050940136,238,27.760980030795736,666373.7411872834,,True,False,True,True,event_detected_parameters_recovered,0,0.35146610000083456
ffp,1.0,1.0,0.005,0.0,1.0,19.0,3577026841,54.51675695532055,54.51636790159074,1.0138418386290955,0.9910244238670773,True,444594050,178889654,582602921,0.6699843297496955,238,15.983243044679448,665819.5947168614,,True,False,True,True,event_detected_parameters_recovered,0,0.29871149999962654
ffp,1.0,1.0,0.005,0.0,1.0,19.0,3276947355,1300.5989954151787,1300.5956828304982,1.0950488175176385,0.9379185175165218,True,1890925694,1101380639,2373205629,1.9466020233448944,238,22.223995415178706,664708.7680962145,,True,False,True,True,event_detected_parameters_recovered,0,0.3285355999996682
ffp,1.0,1.0,0.005,0.0,1.0,19.0,1323125598,1658.977580620574,1658.9778433670601,1.0258694059815503,0.9825737758276731,True,2024054395,209734989,3485620838,1.0160937088585342,238,15.352580620573917,666210.1697879153,,True,False,True,True,event_detected_parameters_recovered,0,0.3113178000003245
ffp,1.0,1.0,0.005,0.0,1.0,19.0,319599712,62.7251297851776,62.72493286658857,1.0269288366881746,0.9873282693928167,True,4079613632,3962845212,2485708807,2.3131093315134876,238,7.7748702148224,665898.9262651458,,True,False,True,True,event_detected_parameters_recovered,0,0.326442000001407
ffp,1.0,1.0,0.005,0.0,1.0,19.0,3844884138,241.35362175103808,241.35214148659225,0.995274663201668,1.0028402940314132,True,2127768104,1118515962,1440090728,2.3153215240699865,238,11.771378248961923,667244.9141089416,,True,False,True,True,event_detected_parameters_recovered,0,0.31258340000022145
ffp,1.0,1.0,0.005,0.0,1.0,19.0,3315746155,32.15593175441423,32.15558140717401,0.9701077913488616,1.0193783513510888,True,3734702560,3080342507,229579311,2.1582736459822627,238,32.15593175441423,667204.1825510637,,True,False,True,True,event_detected_parameters_recovered,0,0.3272857000010845
ffp,1.0,1.0,0.005,0.0,1.0,19.0,2554206883,1690.3881306167766,1690.3904076371564,1.0615157475072154,0.963215907257029,True,3932224738,615385891,366269264,2.4080884093564237,238,23.736869383223393,664673.9508860664,,True,False,True,True,event_detected_parameters_recovered,0,0.3638960999996925
ffp,1.0,1.0,0.005,0.0,1.0,19.0,510730676,45.69372624801266,45.693414514866035,1.0530033427786596,0.9693094834160567,True,1711218214,606926324,1686830124,0.8342028575088989,238,24.80627375198734,666381.0073023667,,True,False,True,True,event_detected_parameters_recovered,0,0.34050980000029085
ffp,1.0,1.0,0.005,0.0,1.0,19.0,4255899761,1708.8160159143792,1708.8158095402384,1.0383274556434876,0.9768928681109554,True,730196795,2137416385,1685228446,3.262917056090373,238,5.30898408562075,664978.6753351922,,True,False,True,True,event_detected_parameters_recovered,0,0.3227511000004597
ffp,1.0,1.0,0.005,0.0,1.0,19.0,3185555320,1286.8081068620859,1286.808111768027,0.9587448283635415,1.025721944768143,True,3585954212,3568278357,1000415482,4.726118551043328,238,8.433106862085879,664350.7887868426,,True,False,True,True,event_detected_parameters_recovered,0,0.2911789999998291
ffp,1.0,1.0,0.005,0.0,1.0,19.0,1639843460,62.23873589727604,62.23584484316514,0.9925052539070368,1.0045028708625752,True,3251446693,3575738792,3279007019,0.9203079100075229,238,8.261264102723963,667036.2773511596,,True,False,True,True,event_detected_parameters_recovered,0,0.29629670000031183
ffp,1.0,1.0,0.005,0.0,1.0,19.0,287542917,239.23559109722453,239.2379857130975,0.9854428898669816,1.0121490512366733,True,3380661280,321381672,2618269506,1.5511800315061919,238,13.889408902775472,662846.3046241014,,True,False,True,True,event_detected_parameters_recovered,0,0.3287172999989707
ffp,1.0,1.0,0.005,0.0,1.0,19.0,4143900537,1333.2371278513733,1333.2350962417854,0.9623629473500203,1.0261456465661625,True,2295835120,3782552523,1084833584,0.5641062721042545,238,15.637872148626684,665647.4415876281,,True,False,True,True,event_detected_parameters_recovered,0,0.32630000000062864
ffp,1.0,1.0,0.005,0.0,1.0,19.0,4084966258,422.5495996619882,422.5506622659513,0.9651171986447589,1.0234787512282866,True,1615235146,549769745,2701443510,1.5235130124892748,238,13.200400338011775,665444.0504255455,,True,False,True,True,event_detected_parameters_recovered,0,0.2667722000005597
ffp,1.0,1.0,0.005,0.0,1.0,19.0,292242494,1713.9243002486514,1713.9373243548766,1.1394173314830522,0.9257297394791102,True,2648726976,2456436892,944757584,2.392358435463393,143,0.20069975134856577,420273.93066295615,,True,False,True,True,event_detected_parameters_recovered,0,0.4769211999991967
ffp,1.0,1.0,0.005,0.0,1.0,19.0,1354520733,1331.5291172433522,1331.5285962801413,0.9925453877628955,1.0028583687138177,True,449840750,3949430130,3644987566,2.6711692874960136,238,17.345882756647825,665474.27873096,,True,False,True,True,event_detected_parameters_recovered,0,0.3250870000010764
ffp,1.0,1.0,0.005,0.0,1.0,19.0,3261773147,1285.828555898669,1285.8284389975436,1.059765266537668,0.9639889535315016,True,2233079118,4120129474,2646151168,0.4204941234274884,238,7.453555898669038,667016.5250077527,,True,False,True,True,event_detected_parameters_recovered,0,0.35706740000023274
ffp,1.0,1.0,0.005,0.0,1.0,19.0,2258208867,19.229371208160114,19.22656988187496,1.0463150513192407,0.972461650785309,True,2994157302,3945575372,2825001268,5.494539749423097,238,19.229371208160114,667400.3076222172,,True,False,True,True,event_detected_parameters_recovered,0,0.33134200000131386
ffp,0.1,0.02,0.005,0.0,1.0,22.0,1747380331,62.85301390797416,62.85305162996796,0.10044837610334119,0.01989687296304867,True,4211964033,1413100623,1047835591,0.3400274955936311,5,382.34930460129203,37261.21507766891,,True,False,True,True,event_detected_parameters_recovered,0,31.304043000000092
ffp,0.1,0.02,0.005,0.0,1.0,22.0,723815771,1513.631808228148,1513.6348364734959,0.1499999967931468,0.020000000512688257,True,3000528238,3386368278,793520535,4.596151184341579,5,893.4095885926013,5118.380799630584,,True,False,True,True,event_detected_parameters_recovered,0,3.24375610000061
ffp,0.1,0.02,0.005,0.0,1.0,22.0,3812653566,194.9526056949829,194.95204302112563,0.1312191834436432,0.029778444745358682,True,439131903,3940850744,1450718717,1.0522007815234247,5,616.3802847491453,24443.723532059368,,True,False,True,True,event_detected_parameters_recovered,0,15.643462899999577
ffp,0.1,0.02,0.005,0.0,1.0,22.0,1975269401,427.84542861047197,427.8424433118698,0.1499972167514031,0.020000444206421063,True,3509522779,2398135146,3852822204,4.517198805933731,5,395.2285694764015,5103.5408145554975,,True,False,True,True,event_detected_parameters_recovered,0,16.66413140000077
ffp,0.1,0.02,0.005,0.0,1.0,22.0,2535095228,1321.2227527193709,1321.2217312952985,0.15337994645026892,0.037624528518238186,True,3802427774,1919122643,2210946015,2.863916124078969,5,1382.6123640314563,19291.200681746042,,True,False,True,False,event_detected_parameters_not_recovered,0,2.5627666000000318
ffp,0.1,0.02,0.005,0.0,1.0,22.0,3159015831,417.0650068272918,417.06170163706605,0.149999843527494,0.020000025744416294,True,925951188,3174808966,557064498,5.009831073666646,4,934.2496586354088,5106.48345195291,,True,False,True,True,event_detected_parameters_recovered,0,22.179791499998828
ffp,0.1,0.02,0.005,0.0,1.0,22.0,4158128974,208.4859504443982,208.4886112005743,0.14999989135819428,0.020000017147444395,True,3647338211,2982933124,767750491,4.031360053695607,5,1293.0475222199107,5177.994663709469,,True,False,True,True,event_detected_parameters_recovered,0,15.34230799999932
ffp,0.1,0.02,0.005,0.0,1.0,22.0,593964573,59.98650669565394,59.98651504812502,0.09329350792952254,0.020955802959217243,True,2738368735,2534668534,460921861,1.3303582469529829,5,525.6746652173032,35117.779835223046,,True,False,True,True,event_detected_parameters_recovered,0,21.26307369999995
ffp,0.1,0.02,0.005,0.0,1.0,22.0,3430803711,36.69857999949807,36.69493055555571,1.0,0.02,False,2203647848,3887129322,1209404445,5.255199277005431,4,1690.0710000250963,-inf,,False,False,False,False,event_below_threshold,0,33.56191419999959
ffp,0.1,0.02,0.005,0.0,1.0,22.0,2522574675,1672.2878669986997,1672.287943827233,0.0787818883842518,0.02284283296392106,True,713323848,510103209,4013100402,1.4284782813774655,5,1433.1433499349828,34938.637195329524,,True,False,True,True,event_detected_parameters_recovered,0,8.050319299998591
ffp,0.1,0.02,0.005,0.0,1.0,22.0,17972779,1340.1997605605554,1340.202484843163,0.14999997684601937,0.020000003635941312,True,1017307665,3590788117,3099141528,4.144792468250671,5,433.76197197222837,5161.170597827018,,True,False,True,True,event_detected_parameters_recovered,0,7.326339499999449
ffp,0.1,0.02,0.005,0.0,1.0,22.0,317687113,1674.127697877418,1674.1272057975787,0.13376455918037636,0.026717811964382405,True,4262131317,2361724211,3634692924,0.8849436457967386,5,1525.1348938709043,21821.25941038411,,True,False,True,True,event_detected_parameters_recovered,0,0.25950940000075207
ffp,0.1,0.02,0.005,0.0,1.0,22.0,614213693,1692.123521085657,1692.1257132828257,0.14999998818822452,0.020000001836014067,True,4209944314,2587480676,2910108031,3.329636393391411,5,1100.0739457171449,5198.6369097690185,,True,False,True,True,event_detected_parameters_recovered,0,0.9798014000007242
ffp,0.1,0.02,0.005,0.0,1.0,22.0,780660213,59.22536239373195,59.222902704359996,0.14999657203223143,0.02000053468096117,True,4127663325,3084436321,576619606,3.721846985004049,5,563.7318803134026,5112.018942176423,,True,False,True,True,event_detected_parameters_recovered,0,28.91842539999925
ffp,0.1,0.02,0.005,0.0,1.0,22.0,1200650754,1287.3284376772522,1287.3321556582034,0.1499999942270277,0.020000000973512302,True,4156044872,869706456,3897498200,5.6497447087895125,4,447.6718838626084,5043.4330415674485,,True,False,True,True,event_detected_parameters_recovered,0,7.738250200000039
ffp,0.1,0.02,0.005,0.0,1.0,22.0,1395656713,41.70524306874507,41.70309719089471,0.14999422931549997,0.020000888386480585,True,741547233,3407509913,897353196,3.2500189951747416,5,1439.7378465627464,5097.91502701203,,True,False,True,True,event_detected_parameters_recovered,0,29.872329400001036
ffp,0.1,0.02,0.005,0.0,1.0,22.0,76556802,1503.3503905369662,1503.3501716894295,0.21297136901008132,0.030108186278439537,True,600597039,45303863,581145438,0.5623734586697537,5,1407.4804731516906,23196.25048997043,,True,False,True,False,event_detected_parameters_not_recovered,0,2.8191730999988067
ffp,0.1,0.02,0.005,0.0,1.0,22.0,2399950134,15.576665642276847,15.57662390579638,0.08561713399087593,0.021198367100252052,True,2191972682,3863005205,2470275171,3.001475122078716,5,778.8332821138423,29684.937938155657,,True,False,True,True,event_detected_parameters_recovered,0,29.941636699999435
ffp,0.1,0.02,0.005,0.0,1.0,22.0,720592140,1659.4187700437608,1659.4220397417623,0.1499998994823312,0.02000001639171756,True,97199979,2030739259,2034547967,4.971136899657722,4,789.6885021880394,5115.018014981208,,True,False,True,True,event_detected_parameters_recovered,0,0.8784851000000344
ffp,0.1,0.02,0.005,0.0,1.0,22.0,3796678433,219.157530648689,219.16027777776515,1.0,0.02,False,3395956318,3576391120,1134627531,3.955865869643276,5,1698.3734675655498,-inf,,False,False,False,False,event_below_threshold,0,17.482445800000278
ffp,0.1,0.02,0.005,0.0,1.0,22.0,2204390891,401.73889981723397,401.7430385174489,0.1499919926024573,0.02000140848967606,True,449479377,1676401290,1972098365,5.815736657377784,4,1700.5550091383013,4812.405946782383,,True,False,True,True,event_detected_parameters_recovered,0,27.07467429999997
ffp,0.1,0.02,0.005,0.0,1.0,22.0,2269033037,1469.7530706723417,1469.7555641921072,0.14999998571240364,0.02000000223096393,True,3806969628,1852157577,2427069188,3.778231780997885,5,437.6535336170832,5188.328481368095,,True,False,True,True,event_detected_parameters_recovered,0,7.356722399999853
ffp,0.1,0.02,0.005,0.0,1.0,22.0,775507904,1490.0100800786943,1490.0065660745333,0.1499999861026252,0.020000002299457444,True,2293165981,1664849575,853182591,5.315313475475705,4,1450.5040039347136,5088.583458971683,,True,False,True,True,event_detected_parameters_recovered,0,7.58981010000025
ffp,0.1,0.02,0.005,0.0,1.0,22.0,1539084008,1508.2245712517936,1508.2244294440238,0.11567336146111615,0.01843738065283791,True,299919811,1165175870,3536838089,1.3826028362746001,5,1163.7714374103211,34842.44931848101,,True,False,True,True,event_detected_parameters_recovered,0,2.634393000000273
ffp,0.1,0.02,0.005,0.0,1.0,22.0,242591993,1286.72448967572,1286.7272056892944,0.14999991794174924,0.02000001282628068,True,3427718681,1648182381,2464928618,4.134866918429907,5,417.47448378599756,5165.775254268592,,True,False,True,True,event_detected_parameters_recovered,0,2.1588764999996783
ffp,0.1,0.08,0.005,0.0,1.0,22.0,2216469975,245.60072212563435,245.6006850799425,0.09841307068683254,0.08097247324731187,True,1460745560,2011399136,3300366779,4.460139055181571,19,94.05347342957064,122000.70114479134,,True,False,True,True,event_detected_parameters_recovered,0,5.797311600001194
ffp,0.1,0.08,0.005,0.0,1.0,22.0,2491391113,1298.01654786241,1298.0165147310192,0.09978310956694791,0.08035457166535423,True,17865888,4248317897,1449844161,5.971078023976588,20,245.51934828012634,121803.32613655,,True,False,True,True,event_detected_parameters_recovered,0,0.8703081999992719
ffp,0.1,0.08,0.005,0.0,1.0,22.0,1629970306,412.0131108010297,412.0131230263719,0.09937719012684341,0.08046691852661554,True,1682978783,2829414632,1373933702,2.379553278306048,19,296.7111149871286,122070.49483582903,,True,False,True,True,event_detected_parameters_recovered,0,7.702508100001069
ffp,0.1,0.08,0.005,0.0,1.0,22.0,415568798,183.4982193487982,183.49816070566033,0.09805908938466036,0.08127759814784773,True,1635647839,2289444582,3193290146,0.9641377301750254,19,10.915241859977343,122422.15107338369,,True,False,True,True,event_detected_parameters_recovered,0,7.77113989999998
ffp,0.1,0.08,0.005,0.0,1.0,22.0,4130509669,420.7237805707634,420.7237647422512,0.10091648211482576,0.07961491371930215,True,4286953469,3612739172,2531219202,1.9559783433123812,19,187.82774286545774,121947.72721453194,,True,False,True,True,event_detected_parameters_recovered,0,7.788070900000093
ffp,0.1,0.08,0.005,0.0,1.0,22.0,2801370139,1340.9280698823725,1340.9279911707774,0.10285377896532406,0.0781167980059086,True,3666164651,2588093620,3048367047,4.020630952181818,19,99.33662647034396,121487.09706310858,,True,False,True,True,event_detected_parameters_recovered,0,4.355726100000538
ffp,0.1,0.08,0.005,0.0,1.0,22.0,1599150291,1525.2899576755008,1525.28994038748,0.09956877500482343,0.08036520706347773,True,679640209,4141237034,137308106,0.4390530662567471,19,77.62552905624034,121955.74770081101,,True,False,True,True,event_detected_parameters_recovered,0,7.6749997999995685
ffp,0.1,0.08,0.005,0.0,1.0,22.0,2361686841,397.71659003093623,397.716657856589,0.1025107176909298,0.07920320477698019,True,1998924875,3576731701,1565743992,2.510355593803979,19,405.8323753867029,121824.01414328646,,True,False,True,True,event_detected_parameters_recovered,0,9.09522889999971
ffp,0.1,0.08,0.005,0.0,1.0,22.0,4119543748,1307.212274451371,1307.212316960318,0.09593956803878818,0.08220403173220278,True,2710961597,3159497737,1917334957,1.5247898708548746,19,360.46593064213823,122105.65357542882,,True,False,True,True,event_detected_parameters_recovered,0,0.4644396000003326
ffp,0.1,0.08,0.005,0.0,1.0,22.0,3443971149,1480.3581302609803,1480.358115912182,0.09777824330459317,0.08093740980000588,True,1009071788,3641156509,993968309,2.6924240844891756,19,241.97662826225326,122032.82742404753,,True,False,True,True,event_detected_parameters_recovered,0,7.953411499998765
ffp,0.1,0.08,0.005,0.0,1.0,22.0,1590858930,1287.3283743304414,1287.3283830230105,0.09931591640828968,0.07993118046181864,True,2846359376,687711827,1572156208,5.740964116266696,19,111.91717913051775,121764.7135090556,,True,False,True,True,event_detected_parameters_recovered,0,14.09302050000042
ffp,0.1,0.08,0.005,0.0,1.0,22.0,2365673012,1529.0309848027753,1529.0310280143383,0.0992947156197118,0.07983329346669933,True,4262124266,59744448,892687219,3.018116361599823,19,30.862689965309187,122093.01063883002,,True,False,True,True,event_detected_parameters_recovered,0,3.449211600000126
ffp,0.1,0.08,0.005,0.0,1.0,22.0,448256420,1513.3863156640177,1513.3862609081336,0.10481237559254104,0.07844449658819685,True,706555300,4575562,3940449848,4.894556466751965,19,226.42105419977838,122006.45291899942,,True,False,True,True,event_detected_parameters_recovered,0,14.145057699999597
ffp,0.1,0.08,0.005,0.0,1.0,22.0,461225498,202.24289928849376,202.2428980214461,0.10026892559617691,0.07984034111154087,True,3837122207,3990601303,326990824,3.725024559216763,19,245.22374110617199,121665.28518622504,,True,False,True,True,event_detected_parameters_recovered,0,9.80104609999944
ffp,0.1,0.08,0.005,0.0,1.0,22.0,2433405622,1299.4903823185018,1299.4904301103193,0.1008563285983951,0.08007769233041062,True,757607500,707265413,1273394468,1.1494612440219498,19,263.9422789812727,121866.4211163909,,True,False,True,True,event_detected_parameters_recovered,0,7.754415499999595
ffp,0.1,0.08,0.005,0.0,1.0,22.0,734224341,63.728705891283106,63.728703883291246,0.10011790763255063,0.08024512556287695,True,598792870,1620238986,3511140942,2.9364834609123136,19,84.64117635896118,121694.17471355948,,True,False,True,True,event_detected_parameters_recovered,0,5.784545900000012
ffp,0.1,0.08,0.005,0.0,1.0,22.0,2079283903,32.89372975875108,32.89367966545423,0.09855100946863145,0.07998550742279688,True,2512133543,1479550394,2459435965,4.529147400556894,19,411.1716219843885,121891.28354521381,,True,False,True,True,event_detected_parameters_recovered,0,6.508664199998748
ffp,0.1,0.08,0.005,0.0,1.0,22.0,1255267525,251.24712925980467,251.24715586056692,0.09680367834343583,0.08153623813556833,True,852189982,494859588,4197083281,4.833865847112975,19,23.473384252441676,122003.56731572746,,True,False,True,True,event_detected_parameters_recovered,0,9.497518199999831
ffp,0.1,0.08,0.005,0.0,1.0,22.0,208172254,1301.6085567010655,1301.6085948718317,0.10231253172895832,0.07891851128677857,True,2048844507,4045018420,526483905,0.17835034097515745,19,290.4194587633185,121745.53063028803,,True,False,True,True,event_detected_parameters_recovered,0,0.14349640000000363
ffp,0.1,0.08,0.005,0.0,1.0,22.0,2862932260,370.20787255200463,370.2078116893398,0.09955493154717243,0.07993031412859862,True,2983290290,1320048107,3222198912,0.33647486498921353,19,61.97340690005788,121706.26447112489,,True,False,True,True,event_detected_parameters_recovered,0,0.1520103000002564
ffp,0.1,0.08,0.005,0.0,1.0,22.0,991792797,1321.932596177423,1321.932536836201,0.0994899538208413,0.08000136305042446,True,4274734666,3796575915,1458237776,3.4615042770747095,19,336.78004778221293,121951.80055231822,,True,False,True,True,event_detected_parameters_recovered,0,7.77205910000157
ffp,0.1,0.08,0.005,0.0,1.0,22.0,3183367805,193.62179128288943,193.62181451980982,0.09363605174613768,0.08365038431873444,True,2587750776,1331557715,2133236785,3.520552633740408,19,137.4598910361179,122104.37944891614,,True,False,True,True,event_detected_parameters_recovered,0,3.49646649999886
ffp,0.1,0.08,0.005,0.0,1.0,22.0,1495727365,1311.8254292761712,1311.8253235509485,0.09593117269442963,0.0823634793685598,True,1228306659,666302177,579559803,1.4818421338350163,19,418.13036595214044,122242.38087329434,,True,False,True,True,event_detected_parameters_recovered,0,7.780430900000283
ffp,0.1,0.08,0.005,0.0,1.0,22.0,1645878165,1281.6666547523635,1281.6666462003109,0.09616245108000078,0.0819484279938664,True,2001327555,3606366660,4027751043,3.2171565789394663,19,41.1456844045432,122008.01795005548,,True,False,True,True,event_detected_parameters_recovered,0,7.778641500000958
ffp,0.1,0.08,0.005,0.0,1.0,22.0,2515575415,374.5853642150811,374.58530653153787,0.09683303820511194,0.08198267439016568,True,879476319,3656072161,2238496885,0.1755303240588546,19,116.69205268851357,122092.6069175139,,True,False,True,True,event_detected_parameters_recovered,0,0.1446654999999737
ffp,0.1,0.3,0.005,0.0,1.0,22.0,3554237248,235.12067404009179,235.1206436038247,0.09849519910749022,0.30260813943692,True,1911517250,1027741062,888066725,5.070617758306071,72,60.01441986636072,456859.00947114575,,True,False,True,True,event_detected_parameters_recovered,0,2.790200699999332
ffp,0.1,0.3,0.005,0.0,1.0,22.0,2669867982,1506.2746831360819,1506.2745256517296,0.10074918958888372,0.2991280580335354,True,476064366,2845282903,904324101,0.7437162009591702,71,84.08438954639375,456810.36460543814,,True,False,True,True,event_detected_parameters_recovered,0,0.13300509999862697
ffp,0.1,0.3,0.005,0.0,1.0,22.0,776187145,373.59190431403596,373.5919837476807,0.09981289273750721,0.30016480863896833,True,2213750224,1404392684,521356523,2.9577878247073386,71,27.806347713453192,456569.1167122695,,True,False,True,True,event_detected_parameters_recovered,0,0.6876083999995899
ffp,0.1,0.3,0.005,0.0,1.0,22.0,3586337641,1696.6852476947836,1696.6851847239993,0.10094729298123291,0.29844258584714634,True,1456355978,894576313,2496968798,4.74331922676356,72,58.13250768405472,457047.6580299728,,True,False,True,True,event_detected_parameters_recovered,0,2.2641045000000304
ffp,0.1,0.3,0.005,0.0,1.0,22.0,283534577,1321.4905711040165,1321.4906293200677,0.10006113885495009,0.30010655859859653,True,1535389733,3138856165,3364052144,1.3223900151569978,71,91.2814296532785,456836.9065898361,,True,False,True,True,event_detected_parameters_recovered,0,0.1425595999990037
ffp,0.1,0.3,0.005,0.0,1.0,22.0,788216430,1481.2347537469898,1481.2347131010638,0.10101229969137564,0.2981422565221054,True,562639122,3753505133,3315888409,1.2453957739126054,71,67.44917915663261,456403.92650084133,,True,False,True,True,event_detected_parameters_recovered,0,0.15325320000010834
ffp,0.1,0.3,0.005,0.0,1.0,22.0,941114867,1668.5279133366867,1668.527846961113,0.10071949521813736,0.29759592270996654,True,2472061937,3931257960,3671972342,4.2047950375126675,72,83.00971112228885,456405.55866520567,,True,False,True,True,event_detected_parameters_recovered,0,2.634519100000034
ffp,0.1,0.3,0.005,0.0,1.0,22.0,3325475966,13.874359535666613,13.874234373356257,0.0980525122362286,0.30414303452275493,True,99068275,891404547,3116053882,1.9777313593741042,71,46.24786511888871,456886.462174422,,True,False,True,True,event_detected_parameters_recovered,0,0.1520645999989938
ffp,0.1,0.3,0.005,0.0,1.0,22.0,3126321654,365.81186102602487,365.81178970917233,0.09827546572578083,0.3036509375579188,True,3927340661,3381818718,3754707769,1.62012252664681,71,1.8728700867495718,456387.8328522659,,True,False,True,True,event_detected_parameters_recovered,0,0.14738460000080522
ffp,0.1,0.3,0.005,0.0,1.0,22.0,3337302418,70.08696012028061,70.08696356214968,0.09924751162866137,0.3021510979710263,True,4052560528,975739644,1932493965,0.8774267795274682,71,1.3767995990646398,456140.78957859334,,True,False,True,True,event_detected_parameters_recovered,0,0.1495052999998734
ffp,0.1,0.3,0.005,0.0,1.0,22.0,2963793926,1645.0169641201562,1645.017015442655,0.0986222022107618,0.301992951370556,True,1637945620,377989244,88290907,4.171666967558849,72,4.639880400520724,456715.394070479,,True,False,True,True,event_detected_parameters_recovered,0,2.6632614999998623
ffp,0.1,0.3,0.005,0.0,1.0,22.0,2342122603,1302.8412270508707,1302.8410710446533,0.10031078865523331,0.3005653127280487,True,1864739597,3796569504,4063405256,3.833046614890918,72,81.55409016956887,457563.202304735,,True,False,True,True,event_detected_parameters_recovered,0,0.2843045000008715
ffp,0.1,0.3,0.005,0.0,1.0,22.0,4209042093,1279.1901077279188,1279.1899630860992,0.09960952294682728,0.30007526328914064,True,1950503038,4204397311,1798858783,0.055128207386587746,71,2.717025759729192,456586.57316048816,,True,False,True,True,event_detected_parameters_recovered,0,2.0309926000009
ffp,0.1,0.3,0.005,0.0,1.0,22.0,254511811,1463.3523939165436,1463.3522671858436,0.10084669351258901,0.2988525536011316,True,1566770215,1397844475,3792304530,0.552760164537176,71,7.841313055145444,456997.3248707583,,True,False,True,True,event_detected_parameters_recovered,0,2.7483314000000973
ffp,0.1,0.3,0.005,0.0,1.0,22.0,2940811826,1305.3562292748572,1305.356165844143,0.09864720645444211,0.3018211864918289,True,637202854,3340817274,2631216972,0.12984406072064303,71,89.9374309161908,456943.7132218729,,True,False,True,True,event_detected_parameters_recovered,0,0.14545429999998305
ffp,0.1,0.3,0.005,0.0,1.0,22.0,1533653107,407.63238880964536,407.6324704552565,0.0984690403891961,0.30341492463761294,True,57142526,2017591898,1510041731,1.7601142960120342,71,93.72537063451546,457311.29921918723,,True,False,True,True,event_detected_parameters_recovered,0,1.9387446000000637
ffp,0.1,0.3,0.005,0.0,1.0,22.0,993407467,222.92778613489094,222.9277673202814,0.10104110265870682,0.29961121712715805,True,3729160492,1228979536,514685404,4.412034263013993,72,100.65737955036354,457111.24553978816,,True,False,True,True,event_detected_parameters_recovered,0,2.8397018000014214
ffp,0.1,0.3,0.005,0.0,1.0,22.0,1930055735,191.0621653616492,191.06205995080566,0.1007186077564477,0.2977411745546543,True,30568040,1814822752,3742473785,1.1181207790377812,71,28.123884538830644,456583.78547336935,,True,False,True,True,event_detected_parameters_recovered,0,0.13223520000065037
ffp,0.1,0.3,0.005,0.0,1.0,22.0,1509187301,22.13994440003381,22.140082151553763,0.09972674969898955,0.2998905953586659,True,3706179216,915178197,2469037698,1.9800639527795738,71,73.79981466677937,456398.66738924076,,True,False,True,True,event_detected_parameters_recovered,0,0.12799269999959506
ffp,0.1,0.3,0.005,0.0,1.0,22.0,959226216,1501.7335067470958,1501.7336027809008,0.09925428873246812,0.3012425496846177,True,2439352428,2336604527,3975138948,4.550283963326365,72,99.22164417634728,456476.85961051856,,True,False,True,True,event_detected_parameters_recovered,0,2.8107880000006844
ffp,0.1,0.3,0.005,0.0,1.0,22.0,4010564047,1344.4621136186415,1344.462164102493,0.0997425628495935,0.29904364452306015,True,1057167557,33084648,1220081819,1.0563888014075928,71,14.70962127119492,456408.1234960502,,True,False,True,True,event_detected_parameters_recovered,0,0.11947169999984908
ffp,0.1,0.3,0.005,0.0,1.0,22.0,47043131,1479.7417278422824,1479.741812298566,0.09851522252462556,0.3018160744036392,True,1000117591,2156029439,1989378791,5.088092987316486,72,62.47242614094148,456185.2587692426,,True,False,True,True,event_detected_parameters_recovered,0,2.880408900000475
ffp,0.1,0.3,0.005,0.0,1.0,22.0,3159103637,1656.6392921153263,1656.6393825559958,0.09847195418213867,0.3025664819317102,True,1578739536,1087864713,1356337636,2.3193538602936314,71,43.38097371775424,456964.79204934556,,True,False,True,True,event_detected_parameters_recovered,0,1.68354139999974
ffp,0.1,0.3,0.005,0.0,1.0,22.0,3803493643,1711.1543074018537,1711.1542220273018,0.10119445567599528,0.29757670378179146,True,4009530369,3614396829,3405478403,5.497340968177014,72,9.90230866048781,457032.84837502235,,True,False,True,True,event_detected_parameters_recovered,0,2.5465024999994057
ffp,0.1,0.3,0.005,0.0,1.0,22.0,1341115115,1681.5224718549748,1681.5226278239302,0.09901844800376765,0.30210791379156915,True,3492873750,1470279434,1210814322,1.3594713671773206,71,108.67509381675063,457347.9044255052,,True,False,True,True,event_detected_parameters_recovered,0,0.12517059999845515
ffp,0.1,1.0,0.005,0.0,1.0,22.0,2981589858,1653.1800486574623,1653.180129340248,0.09864310390186898,1.0092028203129297,True,197366976,590874376,3577090375,1.5700667969940696,238,9.555048657462294,1520954.3677301118,,True,False,True,True,event_detected_parameters_recovered,0,0.13174120000076073
ffp,0.1,1.0,0.005,0.0,1.0,22.0,3525540784,1695.6825705541173,1695.6827122350592,0.1002072322044652,0.9980457664131608,True,1005597752,3295615366,2059394309,3.4015982084019925,238,18.44242944588268,1521179.4649408453,,True,False,True,True,event_detected_parameters_recovered,0,0.14427379999870027
ffp,0.1,1.0,0.005,0.0,1.0,22.0,2356752247,1652.3534859926974,1652.3534820239195,0.10097226146710961,0.9968055025640521,True,932141305,4196295761,3763102584,2.8801704688521568,238,8.728485992697415,1521139.8502735728,,True,False,True,True,event_detected_parameters_recovered,0,0.13791290000153822
ffp,0.1,1.0,0.005,0.0,1.0,22.0,4171587822,230.37064123411753,230.37052734066646,0.10047723964936259,0.9959345316658218,True,976291275,255965797,1595554695,1.5233771530120066,238,22.754358765882472,1520098.6635727712,,True,False,True,True,event_detected_parameters_recovered,0,0.1458807999988494
ffp,0.1,1.0,0.005,0.0,1.0,22.0,3683199237,1340.7990483726314,1340.7990821495766,0.09955559214091896,1.0031290291451422,True,630170217,301423656,535123293,0.27034307560825255,238,8.075951627368568,1520593.067880997,,True,False,True,True,event_detected_parameters_recovered,0,0.14434609999989334
ffp,0.1,1.0,0.005,0.0,1.0,22.0,235900367,1335.9184187406047,1335.918023083649,0.09954357638674893,1.0021854843083098,True,478103586,1494143048,3834328116,1.7229867796777398,238,12.956581259395307,1520405.7946832736,,True,False,True,True,event_detected_parameters_recovered,0,0.14232950000041455
ffp,0.1,1.0,0.005,0.0,1.0,22.0,2216233204,1648.6288667176505,1648.6289797310483,0.10018222576473942,0.9986381932716241,True,184876800,1774347727,3931276041,6.031926556461258,238,5.003866717650453,1520817.707808821,,True,False,True,True,event_detected_parameters_recovered,0,0.12302620000082243
ffp,0.1,1.0,0.005,0.0,1.0,22.0,1927494199,232.20957538755482,232.20972635306626,0.09959329121027846,1.0042426943353462,True,712768022,812188623,808391927,0.3114418963696153,238,20.91542461244518,1521524.372478409,,True,False,True,True,event_detected_parameters_recovered,0,0.12391640000168991
ffp,0.1,1.0,0.005,0.0,1.0,22.0,2040236852,396.7376788086766,396.7379120451566,0.09989801541323617,1.0034813329655052,True,4091987189,2764154979,1765443163,3.557484356633722,238,31.487678808676606,1522380.782143996,,True,False,True,True,event_detected_parameters_recovered,0,0.13337369999862858
ffp,0.1,1.0,0.005,0.0,1.0,22.0,777244822,18.266554485746948,18.266572309103758,0.10020504462191973,0.9957563385101229,True,821219692,320913436,3098361502,1.56154052542945,238,18.266554485746948,1519658.911551729,,True,False,True,True,event_detected_parameters_recovered,0,0.13698549999935494
ffp,0.1,1.0,0.005,0.0,1.0,22.0,739777976,1320.7777452702462,1320.777939425943,0.09927295005415918,1.0040950053834055,True,3892482196,3846944623,2721648890,3.3531893821782432,238,28.097254729753786,1521634.7588411132,,True,False,True,True,event_detected_parameters_recovered,0,0.13460010000017064
ffp,0.1,1.0,0.005,0.0,1.0,22.0,2095642161,365.4200750137446,365.42004011486205,0.10066463766482993,0.9956244194151466,True,2602794323,4106504610,1791873282,2.9080197915209283,140,0.17007501374462208,1197920.3988422723,,True,False,True,True,event_detected_parameters_recovered,0,0.13891829999920446
ffp,0.1,1.0,0.005,0.0,1.0,22.0,3212529535,1699.2175509367005,1699.2176072648483,0.09843283678295991,1.0093908417059185,True,696186055,2646163601,2597468949,0.32665085283952067,238,14.90744906329951,1521658.4794500866,,True,False,True,True,event_detected_parameters_recovered,0,0.1463583999993716
ffp,0.1,1.0,0.005,0.0,1.0,22.0,3994189539,1678.245904637735,1678.2457031353379,0.09928533104935804,1.0060256593097696,True,4118626120,1973459436,3634122071,2.1026785243520862,238,34.620904637735066,1520311.1822781912,,True,False,True,True,event_detected_parameters_recovered,0,0.14716170000065176
ffp,0.1,1.0,0.005,0.0,1.0,22.0,1595640488,59.85506693791792,59.855225540406195,0.1000293603653151,0.9994446011609205,True,1798682619,853528070,1258091167,2.9963906131138174,238,10.644933062082082,1521969.4947299284,,True,False,True,True,event_detected_parameters_recovered,0,0.1436652000011236
ffp,0.1,1.0,0.005,0.0,1.0,22.0,1195081955,1302.0494608127642,1302.0497407710002,0.1005954669412608,0.9956029471365553,True,168519349,3509766951,2827012251,5.523570507539262,238,23.67446081276421,1520096.152991126,,True,False,True,True,event_detected_parameters_recovered,0,0.13515220000044792
ffp,0.1,1.0,0.005,0.0,1.0,22.0,2163189249,1662.4074784324519,1662.4075259991287,0.10093736054240304,0.9925350521822649,True,4151685416,941508597,3503113109,3.268942831491586,238,18.782478432451853,1520506.2114715031,,True,False,True,True,event_detected_parameters_recovered,0,0.1336942000016279
ffp,0.1,1.0,0.005,0.0,1.0,22.0,3575426459,209.16754202000033,209.16753854228935,0.101100383516776,0.9927991509309483,True,4008376181,3642306349,2473598394,2.6394911863144443,238,26.542542020000326,1519165.8691717847,,True,False,True,True,event_detected_parameters_recovered,0,0.1332762999991246
ffp,0.1,1.0,0.005,0.0,1.0,22.0,4144891607,1646.6684362808978,1646.6684969984158,0.1003006433580743,0.9952348006240205,True,2971552975,236157176,3436942015,2.3482445091940463,238,3.043436280897822,1520587.9274675627,,True,False,True,True,event_detected_parameters_recovered,0,0.12436849999903643
ffp,0.1,1.0,0.005,0.0,1.0,22.0,888355746,45.2098331415935,45.209702049218286,0.10033973444109696,0.9993965050672053,True,473810025,1133323536,271090275,4.159723898658285,238,25.2901668584065,1521276.6429460107,,True,False,True,True,event_detected_parameters_recovered,0,0.1227242999993905
ffp,0.1,1.0,0.005,0.0,1.0,22.0,1264779881,412.8462626633595,412.8464333985174,0.10045470884608745,0.9992779055385199,True,2608097272,191498047,16789274,4.218235029538846,238,22.903737336640518,1521611.325721756,,True,False,True,True,event_detected_parameters_recovered,0,0.12896290000026056
ffp,0.1,1.0,0.005,0.0,1.0,22.0,3557060077,1299.0223864071013,1299.0222754334363,0.09946608573846599,1.0032998907224857,True,3795382755,2602348324,1027933500,2.53642633670097,238,20.647386407101294,1521105.0686338663,,True,False,True,True,event_detected_parameters_recovered,0,0.11406730000089738
ffp,0.1,1.0,0.005,0.0,1.0,22.0,1731042043,249.84671658475995,249.84669890367596,0.09989999158462766,1.0018328989650627,True,2521470076,2253468965,132219404,0.7281179122082904,238,3.278283415240054,1522190.5737730607,,True,False,True,True,event_detected_parameters_recovered,0,0.1391942000009294
ffp,0.1,1.0,0.005,0.0,1.0,22.0,3863330448,424.61825553385245,424.61818351743017,0.09878076511473888,1.0071235510773142,True,3042422899,4013389834,2285879308,3.787968487931721,238,11.131744466147552,1521774.9658697336,,True,False,True,True,event_detected_parameters_recovered,0,0.13284460000068066
ffp,0.1,1.0,0.005,0.0,1.0,22.0,218811657,1308.4450498558788,1308.4449241759241,0.09808385091288416,1.0124570571371956,True,1939634681,1212870838,1483625573,5.028207373106852,238,30.07004985587878,1522113.0763855625,,True,False,True,True,event_detected_parameters_recovered,0,0.1164533000010124
ffp,0.6,0.02,0.005,0.0,1.0,22.0,367753876,1494.8723364133077,1494.8721279398944,0.6493534532904252,0.01839155506825742,True,634908229,1457415535,2993159735,1.064435344960657,5,1693.616820665386,4907.957598178815,,True,False,True,True,event_detected_parameters_recovered,0,0.1717175000012503
ffp,0.6,0.02,0.005,0.0,1.0,22.0,3188801074,367.9483084661097,367.9480545557776,0.4472767787334208,0.023811560225782766,True,3396756145,3598225876,2863318943,1.4641911862054258,5,134.91542330548612,4887.175599894064,,True,False,True,True,event_detected_parameters_recovered,0,0.15139099999942118
ffp,0.6,0.02,0.005,0.0,1.0,22.0,867711259,1525.0757531196343,1525.0756789327802,0.6630258213333383,0.018612653887568158,True,3992898021,2466135396,3985374575,5.515507382551732,4,321.2123440182836,4725.968455024682,,True,False,True,True,event_detected_parameters_recovered,0,1.5068663000001834
ffp,0.6,0.02,0.005,0.0,1.0,22.0,886425575,1499.065003990706,1499.0647794270958,0.6383764860329859,0.01940988306701553,True,1899147439,2829699683,49135901,0.6057468208746286,5,1621.749800464704,5049.454099377675,,True,False,True,True,event_detected_parameters_recovered,0,0.18633740000041144
ffp,0.6,0.02,0.005,0.0,1.0,22.0,3193136693,66.55297699886147,66.55308181546484,0.4835677953402408,0.02277482896089113,True,1998337724,2815504608,3647675497,4.286878375148717,5,197.35115005692663,4975.412945377917,,True,False,True,True,event_detected_parameters_recovered,0,3.316962799999601
ffp,0.6,0.02,0.005,0.0,1.0,22.0,4015939748,1280.7470843076815,1280.7474644873676,0.7735137998996059,0.016824198919810532,True,505185978,461689037,2894537215,3.601403074026166,5,118.60421538407309,4917.927812248541,,True,False,True,True,event_detected_parameters_recovered,0,2.3575388999997813
ffp,0.6,0.02,0.005,0.0,1.0,22.0,3260141874,1291.7624774461399,1291.7620328544062,0.6121701913291814,0.01975676067832346,True,1892942005,2807373443,22824659,2.667522513293079,5,669.3738723069941,4789.011208742755,,True,False,True,True,event_detected_parameters_recovered,0,2.1050810999986425
ffp,0.6,0.02,0.005,0.0,1.0,22.0,63376243,1643.8058903205133,1643.805891608651,0.4813352927840449,0.022609635177788114,True,78791736,2912718136,2564722307,5.7179384598566685,4,9.044516025664961,5040.653128189966,,True,False,True,True,event_detected_parameters_recovered,0,0.3303697999999713
ffp,0.6,0.02,0.005,0.0,1.0,22.0,1207099018,1523.3454954248461,1523.3450871889197,0.5803479930262597,0.02113417404949028,True,4087949058,1552183680,108293241,4.486587886822235,5,407.72522875769255,4929.017494697451,,True,False,True,True,event_detected_parameters_recovered,0,0.6800786999992852
ffp,0.6,0.02,0.005,0.0,1.0,22.0,233842115,426.87400943243586,426.8741185916706,0.5179968383563777,0.022630433347261943,True,18164928,410488128,3319840528,2.8264175618460285,5,443.79952837820724,5024.593033826386,,True,False,True,True,event_detected_parameters_recovered,0,0.36203129999921657
ffp,0.6,0.02,0.005,0.0,1.0,22.0,2337919844,208.58446155013414,208.58458284506307,0.547399325835111,0.021589417699277955,True,388562570,4251278992,2605812934,4.724632206080059,4,1297.9730775067069,4830.155470742728,,True,False,True,True,event_detected_parameters_recovered,0,0.5503075999986322
ffp,0.6,0.02,0.005,0.0,1.0,22.0,4161299852,1710.1770310516338,1710.1770874495908,0.42901038369265493,0.024599367708904963,True,1265401959,77841899,1460991261,2.924714709915861,5,197.3984474183112,4976.772094982174,,True,False,True,True,event_detected_parameters_recovered,0,0.3154608000004373
ffp,0.6,0.02,0.005,0.0,1.0,22.0,3845023678,12.112260438244254,12.112271917653638,0.6793296230460578,0.018799656070750896,True,286637079,2338058440,1830870425,5.555031071372696,4,605.6130219122127,4931.429621348536,,True,False,True,True,event_detected_parameters_recovered,0,0.413769399998273
ffp,0.6,0.02,0.005,0.0,1.0,22.0,2571660864,1279.187387112833,1279.1875024429949,0.4469962966255676,0.023588091717199368,True,1788029464,3587273584,2582966564,3.8625575161131565,5,40.61935564164969,4846.013538172592,,True,False,True,True,event_detected_parameters_recovered,0,0.8033188999997947
ffp,0.6,0.02,0.005,0.0,1.0,22.0,478560333,375.5072096506823,375.50741029462057,0.6676651944056718,0.018793539949358597,True,77408785,3572617170,553555815,3.7181030623742117,5,512.8604825341142,4879.956618679207,,True,False,True,True,event_detected_parameters_recovered,0,2.285618300000351
ffp,0.6,0.02,0.005,0.0,1.0,22.0,848886085,215.97441977643115,215.97451979553725,0.4762316089519237,0.023676565718508052,True,1905682824,1728820492,2193817990,1.7355219225419205,5,1667.4709888215573,4980.94546881345,,True,False,True,True,event_detected_parameters_recovered,0,1.3186975000007806
ffp,0.6,0.02,0.005,0.0,1.0,22.0,1231761825,1302.3684439868173,1302.3684792419917,0.6186533073476519,0.019891371449787074,True,3592452433,1957182056,1704340885,5.059341145679355,4,1199.6721993408642,4893.3337981297955,,True,False,True,True,event_detected_parameters_recovered,0,0.8919303999991826
ffp,0.6,0.02,0.005,0.0,1.0,22.0,3385975169,7.846761581541657,7.846735293040876,0.7518645352163799,0.01825258923983708,True,332158511,1310646542,1314297744,2.063322579918463,5,392.33807907708285,5112.40790694522,,True,False,True,True,event_detected_parameters_recovered,0,1.9024352000014915
ffp,0.6,0.02,0.005,0.0,1.0,22.0,3662203749,1490.052923826308,1490.0526917382624,0.6282058256106814,0.019780538222757344,True,2599264695,78604787,873831074,5.589689960543183,4,1452.646191315398,4814.047289697221,,True,False,True,True,event_detected_parameters_recovered,0,3.1228773999991972
ffp,0.6,0.02,0.005,0.0,1.0,22.0,1395815261,1665.2862193792391,1665.286336434013,0.41657128584125347,0.024789637486359418,True,470592113,3508504944,2952535684,1.6440937793595367,5,1083.0609689619564,4862.317646090458,,True,False,True,True,event_detected_parameters_recovered,0,0.5563287000004493
ffp,0.6,0.02,0.005,0.0,1.0,22.0,2368634157,397.680346708566,397.6803423256089,0.7159321623012187,0.017893380385307838,True,2444037491,790923235,2569157834,5.799260193234659,4,1621.5173354282995,5118.159840920183,,True,False,True,True,event_detected_parameters_recovered,0,8.292320700000346
ffp,0.6,0.02,0.005,0.0,1.0,22.0,1500753086,16.555799373564543,16.555851728988138,1.071515000965461,0.013791148534486175,True,1421491049,3315914025,1154241514,3.3510979320982415,5,827.7899686782272,5013.396244851123,,True,False,True,False,event_detected_parameters_not_recovered,0,0.44673820000025444
ffp,0.6,0.02,0.005,0.0,1.0,22.0,2708026900,1471.5172214396832,1471.5169870384364,0.7407109703190181,0.016869274343111626,True,639161546,1322758662,2096041752,4.401126799675694,5,525.8610719841613,4827.051384887993,,True,False,True,True,event_detected_parameters_recovered,0,2.1812644000001455
ffp,0.6,0.02,0.005,0.0,1.0,22.0,1106412242,1283.1143824998255,1283.1144187956693,0.5997102121659875,0.020121935965481175,True,3255531030,3729773723,117873056,0.31079977419722127,5,236.9691249912762,4909.478800916077,,True,False,True,True,event_detected_parameters_recovered,0,0.1726156999993691
ffp,0.6,0.02,0.005,0.0,1.0,22.0,2412966335,1704.7246006027726,1704.7245277673208,0.39077993437211095,0.02648675976305556,True,4042829125,1568417911,4258716556,4.324868320582027,5,470.01996986136874,4884.927944662195,,True,False,True,False,event_detected_parameters_not_recovered,0,0.6672755999989022
ffp,0.6,0.08,0.005,0.0,1.0,22.0,3417621227,241.6047339981477,241.6047248596615,0.6077591699617919,0.07806882483274663,True,2393467919,4015465566,84776974,0.9169573620647498,19,144.00332502315365,19723.795306339118,,True,False,True,True,event_detected_parameters_recovered,0,0.21082750000095984
ffp,0.6,0.08,0.005,0.0,1.0,22.0,3155466474,427.8422662723203,427.8418197123815,0.5665384871657438,0.08361059755304134,True,1822165467,2057257103,1489929887,0.03656813250927371,19,98.84667159599658,19850.89011074124,,True,False,True,True,event_detected_parameters_recovered,0,0.1989635999998427
ffp,0.6,0.08,0.005,0.0,1.0,22.0,3575432064,1466.3172533295567,1466.3165124952557,0.6925833820337894,0.07267653595667443,True,4184958517,539259766,728913171,2.4552054097875953,19,66.46566661945883,19810.30849414927,,True,False,True,True,event_detected_parameters_recovered,0,0.22794789999898057
ffp,0.6,0.08,0.005,0.0,1.0,22.0,3895652459,1649.5106922591583,1649.5100712741362,0.6022377832429914,0.07977121971752256,True,1153489615,3649595420,4226451175,5.396853219535842,19,73.5711532394788,20064.065182154227,,True,False,True,True,event_detected_parameters_recovered,0,0.19851759999983187
ffp,0.6,0.08,0.005,0.0,1.0,22.0,76480419,387.2282027859043,387.22818900905764,0.4832294426564961,0.09104942376345027,True,62323487,3443549368,4168972342,4.987988393968408,19,274.7275348238034,19512.906127263726,,True,False,True,True,event_detected_parameters_recovered,0,0.15198880000025383
ffp,0.6,0.08,0.005,0.0,1.0,22.0,3531817703,22.6854512112281,22.685939312318194,0.6010958273494372,0.0801674703020648,True,2758644029,3666708402,3724079566,2.950255833062556,19,283.5681401403512,19840.892224007424,,True,False,True,True,event_detected_parameters_recovered,0,0.19506019999971613
ffp,0.6,0.08,0.005,0.0,1.0,22.0,82864537,400.34457463610096,400.344603401259,0.6274524731916231,0.07688128581264006,True,169917342,3962302988,4107603869,5.512524168098025,19,438.68218295126195,19569.52557458778,,True,False,True,True,event_detected_parameters_recovered,0,0.19462950000161072
ffp,0.6,0.08,0.005,0.0,1.0,22.0,4153796371,1699.4139977694042,1699.413473442694,0.6003842584857677,0.08082218239165458,True,2191743071,2349017190,2311336647,4.256788241546019,19,183.88752788244744,19709.104012158845,,True,False,True,True,event_detected_parameters_recovered,0,0.17666490000010526
ffp,0.6,0.08,0.005,0.0,1.0,22.0,2074516402,426.4946032918066,426.4948164540035,0.5410291359327056,0.08593173063246044,True,541850789,3805543236,2868051374,4.671260066343166,19,115.6924588524177,19775.685088753555,,True,False,True,True,event_detected_parameters_recovered,0,0.19880709999961255
ffp,0.6,0.08,0.005,0.0,1.0,22.0,1155096903,215.70993446692253,215.71065052258837,0.6466619251209145,0.07820632261110344,True,706310005,3224275707,1471459239,4.605632384918863,19,413.56168083653165,19710.704441446243,,True,False,True,True,event_detected_parameters_recovered,0,0.19121269999959623
ffp,0.6,0.08,0.005,0.0,1.0,22.0,244053253,38.39249724400181,38.39312671640905,0.7121960078482001,0.0728812026870931,True,3013836083,3179578222,2450710095,0.29603136323203216,19,401.34378444997736,19808.65172558035,,True,False,True,True,event_detected_parameters_recovered,0,0.23506070000075852
ffp,0.6,0.08,0.005,0.0,1.0,22.0,3712949318,1646.9794354365174,1646.98008846344,0.5384405286480194,0.08476518660162717,True,3599298533,18501569,1401350238,2.4870286030636635,19,41.93044295646757,19314.639771718917,,True,False,True,True,event_detected_parameters_recovered,0,0.18144430000029388
ffp,0.6,0.08,0.005,0.0,1.0,22.0,3251505664,23.603120138584725,23.60343415177165,0.7626136751291248,0.06917021115192207,True,1968289025,2125412876,355934629,0.4070004396226068,19,295.03900173230903,19833.44877185639,,True,False,True,True,event_detected_parameters_recovered,0,0.2123039999987668
ffp,0.6,0.08,0.005,0.0,1.0,22.0,625503835,410.62985086171625,410.6299408315305,0.5812464477495405,0.0818055616281994,True,2118383535,1917105183,2865077311,5.114759327052525,19,314.0018642285469,19603.88864935383,,True,False,True,True,event_detected_parameters_recovered,0,0.19027009999990696
ffp,0.6,0.08,0.005,0.0,1.0,22.0,1792470342,1499.6192578792873,1499.619164246781,0.6770760642154355,0.07346018283129448,True,3556672525,692028861,1980995166,0.131346380985633,19,398.50927650890924,19621.921160174767,,True,False,True,True,event_detected_parameters_recovered,0,0.211148400001548
ffp,0.6,0.08,0.005,0.0,1.0,22.0,1083259324,243.3347892356225,243.33520189181775,0.5636702831514665,0.08409178114738772,True,1861116386,160022595,269689466,0.4035006733602131,19,122.37763455471864,20003.289634875488,,True,False,True,True,event_detected_parameters_recovered,0,0.17484260000128415
ffp,0.6,0.08,0.005,0.0,1.0,22.0,1866714923,379.3826835629151,379.38293465705107,0.5095225043980779,0.0871925785064596,True,116965963,3015823249,74844471,1.1356694640926435,19,176.65854453643846,19740.50775175156,,True,False,True,True,event_detected_parameters_recovered,0,0.18791109999983746
ffp,0.6,0.08,0.005,0.0,1.0,22.0,3926172155,393.6623175523525,393.6627233267976,0.7117397239237863,0.0719705142195554,True,3407807032,1560881825,2279133994,3.6372752633360506,19,355.1539694044059,19591.800695837286,,True,False,True,True,event_detected_parameters_recovered,0,0.22622039999987464
ffp,0.6,0.08,0.005,0.0,1.0,22.0,2196169988,1337.5950044198396,1337.5948048282166,0.636970039908433,0.07703761627020293,True,3181228912,3572437280,1744977940,3.993635113038181,19,140.99994475200504,19891.85288394263,,True,False,True,True,event_detected_parameters_recovered,0,0.21109249999972235
ffp,0.6,0.08,0.005,0.0,1.0,22.0,159623881,212.32556664111445,212.32515141552744,0.5193223648573295,0.08598358860378123,True,3377413456,3614161366,4208982669,4.684036780404313,19,371.2570830139306,19881.11856512459,,True,False,True,True,event_detected_parameters_recovered,0,0.17573640000045998
ffp,0.6,0.08,0.005,0.0,1.0,22.0,3871295773,1707.8132388088547,1707.8134276693681,0.556090536856252,0.08406250742522275,True,3760121892,3874288380,714112881,0.8361149045595084,19,78.89701488931564,19763.387878575,,True,False,True,True,event_detected_parameters_recovered,0,0.191913000000568
ffp,0.6,0.08,0.005,0.0,1.0,22.0,2710647102,1700.9091489648406,1700.9094004240108,0.5864203383922654,0.08134387537088303,True,1479998893,3690804689,1213813036,3.4745096779806772,19,165.19813793949254,19757.612923033266,,True,False,True,True,event_detected_parameters_recovered,0,0.2108714999994845
ffp,0.6,0.08,0.005,0.0,1.0,22.0,2039328381,1650.5937646889838,1650.5938218492743,0.7435263241888672,0.07073146449755767,True,2993342585,564753067,2195081182,4.121152174084273,19,87.10955861229763,19904.889297216745,,True,False,True,True,event_detected_parameters_recovered,0,0.23603130000083183
ffp,0.6,0.08,0.005,0.0,1.0,22.0,433438212,1344.8887499433997,1344.8882807117695,0.5994153335802793,0.07927099786982443,True,757468999,1335847625,2409805677,3.800081147310266,19,49.828125707503546,19567.610323044173,,True,False,True,True,event_detected_parameters_recovered,0,0.22069030000056955
ffp,0.6,0.08,0.005,0.0,1.0,22.0,3632310467,20.991574594133585,20.991616179652326,0.5978310488177837,0.08102021708395778,True,3635259544,368637642,2648251898,2.0674155510261016,19,262.3946824266698,19658.39813954437,,True,False,True,True,event_detected_parameters_recovered,0,0.17579830000067886
ffp,0.6,0.3,0.005,0.0,1.0,22.0,4148412029,1320.4362306498324,1320.4360225958421,0.5729003708529756,0.30766623964554757,True,525793000,3098111416,2030331908,4.427864015524392,72,94.79589783389201,73688.54362273347,,True,False,True,True,event_detected_parameters_recovered,0,0.18663870000091265
ffp,0.6,0.3,0.005,0.0,1.0,22.0,1411558752,1298.1341675708438,1298.1345204497197,0.5752812871009231,0.30823939140313666,True,3536153211,1528632008,550377826,5.998697878785606,72,65.86389190281277,73952.78201511942,,True,False,True,True,event_detected_parameters_recovered,0,0.17617749999953958
ffp,0.6,0.3,0.005,0.0,1.0,22.0,108089076,416.6848323254624,416.6853840275527,0.5998808147180007,0.30022918069643934,True,2386415751,3400008744,145481572,2.058548440982122,71,63.55055891512526,73630.67912936432,,True,False,True,True,event_detected_parameters_recovered,0,0.1993664000001445
ffp,0.6,0.3,0.005,0.0,1.0,22.0,3607644722,1703.3843878478765,1703.3833307650584,0.5689970572146152,0.3103316736787852,True,3837924992,571798903,4100678510,1.681498737016227,71,35.802040507078345,74029.13987952235,,True,False,True,True,event_detected_parameters_recovered,0,0.18139979999978095
ffp,0.6,0.3,0.005,0.0,1.0,22.0,2963106493,1326.0661887738636,1326.0672451673963,0.5894993647306224,0.30379688217677475,True,134892793,3944943857,2674821570,4.2881653803851805,72,76.02937075378804,73659.48128889123,,True,False,True,True,event_detected_parameters_recovered,0,0.18205660000057833
ffp,0.6,0.3,0.005,0.0,1.0,22.0,2689062514,408.74894817730217,408.7499589130711,0.6185214349977445,0.29813679967870604,True,3309940398,2673296457,4051713176,3.2146248750996165,71,90.00350607565944,74810.30409969874,,True,False,True,True,event_detected_parameters_recovered,0,0.2124249000007694
ffp,0.6,0.3,0.005,0.0,1.0,22.0,4259000768,1472.570144523786,1472.5687500977806,0.5525963520626109,0.31465023420224053,True,2412084049,2930134489,2158788637,0.6918856860647793,71,38.56714841261995,73817.69035302698,,True,False,True,True,event_detected_parameters_recovered,0,0.19734250000146858
ffp,0.6,0.3,0.005,0.0,1.0,22.0,4045308638,1291.8380799120828,1291.8379025843915,0.6391372980361955,0.28873539531309994,True,262084911,3386489978,2374915388,2.635073471465148,71,44.87693304027592,74220.02225180266,,True,False,True,True,event_detected_parameters_recovered,0,0.19484060000104364
ffp,0.6,0.3,0.005,0.0,1.0,22.0,2040810550,215.67153689736264,215.67025086666257,0.5478989631877373,0.31639147710342647,True,3491462734,1381929024,2569070864,2.2868677813403337,71,110.15512299120881,73391.93834119174,,True,False,True,True,event_detected_parameters_recovered,0,0.18167879999964498
ffp,0.6,0.3,0.005,0.0,1.0,22.0,907713843,1477.8131213088077,1477.8127824475328,0.5541574454724123,0.31422044879303057,True,2157198831,477578066,4225063209,1.2053152266526013,71,56.04373769602565,73980.82020158609,,True,False,True,True,event_detected_parameters_recovered,0,0.18717890000152693
ffp,0.6,0.3,0.005,0.0,1.0,22.0,2873733640,1696.7296970168215,1696.729343191633,0.5969411207198628,0.30004583718861944,True,1282506029,559921050,134327898,1.236295491871715,71,57.984343277261516,73358.04662477315,,True,False,True,True,event_detected_parameters_recovered,0,0.1951292999983707
ffp,0.6,0.3,0.005,0.0,1.0,22.0,4111047195,380.9579804064234,380.9568932089428,0.6009370255172662,0.3018025371089973,True,3384771636,1829463279,4181337852,4.591785181046362,72,52.359934688078056,73898.06232364531,,True,False,True,True,event_detected_parameters_recovered,0,0.18817639999906532
ffp,0.6,0.3,0.005,0.0,1.0,22.0,777156586,12.377255169250336,12.377850606167664,0.589877420298199,0.3019143888170199,True,1687518391,2591593452,3523828884,0.052556279898965386,71,41.25751723083446,73412.6259542722,,True,False,True,True,event_detected_parameters_recovered,0,0.20299640000121144
ffp,0.6,0.3,0.005,0.0,1.0,22.0,3787306373,408.97123922489124,408.9714180166791,0.5754180270821437,0.31027036433687244,True,2629256670,1174842492,50962530,2.284483652201743,71,89.26253591702923,74283.8587857652,,True,False,True,True,event_detected_parameters_recovered,0,0.18483150000065507
ffp,0.6,0.3,0.005,0.0,1.0,22.0,1616238064,406.6264453332864,406.62682295214313,0.5732152930442537,0.3089856118045501,True,1408961078,1639526786,622875736,1.6812797515285638,71,97.07851555571192,73394.77735669847,,True,False,True,True,event_detected_parameters_recovered,0,0.185146400001031
ffp,0.6,0.3,0.005,0.0,1.0,22.0,720448045,8.74234675766116,8.742687858776613,0.614258312627463,0.2987910715763382,True,3911108806,1607954142,3652976818,4.9793310320907835,72,29.141155858870533,73910.14228597165,,True,False,True,True,event_detected_parameters_recovered,0,0.1973920000000362
ffp,0.6,0.3,0.005,0.0,1.0,22.0,1004066316,190.27732957032103,190.276706475623,0.5867059767512843,0.30368315984792593,True,328542099,2773607809,44788378,3.745418733906263,72,25.507765234403433,73616.15269379054,,True,False,True,True,event_detected_parameters_recovered,0,0.18276349999905506
ffp,0.6,0.3,0.005,0.0,1.0,22.0,3953835614,1651.0565867608675,1651.0566876581825,0.6594231860733468,0.2840806827196281,True,1297331061,2369895502,1187148006,5.084935689083068,72,24.771955869558347,73919.78640668152,,True,False,True,True,event_detected_parameters_recovered,0,0.20795280000129424
ffp,0.6,0.3,0.005,0.0,1.0,22.0,3742781187,10.743890622544194,10.74335281855127,0.6747305896653338,0.2774047668472369,True,968635530,2461147837,1132882034,4.697503536562522,72,35.81296874181398,73915.13931516313,,True,False,True,True,event_detected_parameters_recovered,0,0.20577510000111943
ffp,0.6,0.3,0.005,0.0,1.0,22.0,2470904277,1479.6608408865286,1479.6605777551113,0.6074801250460818,0.2992311288350481,True,723054565,760492272,4053842879,2.4891232986192335,71,62.20280295509535,73691.35199935225,,True,False,True,True,event_detected_parameters_recovered,0,0.2005644000000757
ffp,0.6,0.3,0.005,0.0,1.0,22.0,393168457,1461.059681423316,1461.0601117715837,0.6252798428343653,0.28896896950470397,True,691331996,3752602123,3781452826,1.241249575468828,43,0.1989380777202617,49908.51856192306,,True,False,True,True,event_detected_parameters_recovered,0,0.9002075999997032
ffp,0.6,0.3,0.005,0.0,1.0,22.0,351188567,1343.0006291155398,1343.0010042775205,0.5775763668366413,0.3112820817856474,True,956142499,238471057,1784472364,0.19407327570661437,71,19.581236281533926,74113.45942821511,,True,False,True,True,event_detected_parameters_recovered,0,0.19229799999993702
ffp,0.6,0.3,0.005,0.0,1.0,22.0,3598705945,1343.700988855121,1343.701103145794,0.5979248102738297,0.30125477330133427,True,2569331845,2409633951,1051473368,4.0239517250302015,72,17.246703816263107,74074.89118663686,,True,False,True,True,event_detected_parameters_recovered,0,0.20366939999985334
ffp,0.6,0.3,0.005,0.0,1.0,22.0,1859340454,1330.5388942858285,1330.5398552119075,0.6424095022108747,0.2891256454280446,True,3151984082,968280937,1637635882,0.792228126883856,71,61.1203523805716,74038.15581810752,,True,False,True,True,event_detected_parameters_recovered,0,0.20583129999977245
ffp,0.6,0.3,0.005,0.0,1.0,22.0,3258007501,1660.0881135722532,1660.0884980770259,0.5223470927545553,0.32404278406329906,True,2042099969,1716018700,1571550984,2.9835441329487367,71,54.87704524084393,73381.07374660495,,True,False,True,True,event_detected_parameters_recovered,0,0.179723199998989
ffp,0.6,1.0,0.005,0.0,1.0,22.0,1285638606,383.4493606776191,383.4489673365549,0.6203559012801744,0.9738128492093466,True,3740473979,4250236114,73126629,1.5206243080865534,238,18.199360677619097,246793.33285371418,,True,False,True,True,event_detected_parameters_recovered,0,0.20065830000021379
ffp,0.6,1.0,0.005,0.0,1.0,22.0,3434545297,217.8525621808934,217.85146813288446,0.6455264592745862,0.9557371320536668,True,3419372546,2763308431,2862158177,4.489540504014258,238,35.227562180893386,245384.51750388855,,True,False,True,True,event_detected_parameters_recovered,0,0.17894039999919187
ffp,0.6,1.0,0.005,0.0,1.0,22.0,3479204583,382.9027074095719,382.9054569811429,0.5785145857081228,1.0209358607037733,True,1972960479,1416093255,3427560934,2.201330293637511,238,17.652707409571917,245265.78585501245,,True,False,True,True,event_detected_parameters_recovered,0,0.17258810000021185
ffp,0.6,1.0,0.005,0.0,1.0,22.0,1269332487,224.1254641259229,224.12416680638287,0.5752201993478216,1.0200618249614626,True,3428680235,1666863838,848423426,1.2316586503766302,238,28.99953587407711,245821.5647082838,,True,False,True,True,event_detected_parameters_recovered,0,0.18678189999991446
ffp,0.6,1.0,0.005,0.0,1.0,22.0,1862524120,65.54087984824413,65.5421638935802,0.6255494250572304,0.9755301072485045,True,2147302749,2100977632,2630505727,1.1330185143174276,238,4.959120151755869,246222.9210630271,,True,False,True,True,event_detected_parameters_recovered,0,0.19144969999979367
ffp,0.6,1.0,0.005,0.0,1.0,22.0,1426580686,412.28378138762025,412.2833402718387,0.5798600503486699,1.02239929665142,True,2026817841,1351251294,2227497326,4.945197967508648,238,23.46621861237975,245919.91634999262,,True,False,True,True,event_detected_parameters_recovered,0,0.17137579999871377
ffp,0.6,1.0,0.005,0.0,1.0,22.0,3842403354,382.4311641216755,382.4316680530148,0.5845226292169982,1.0173213678198476,True,2456881230,1000027443,1850756962,3.623664862388978,238,17.181164121675522,246143.22012531682,,True,False,True,True,event_detected_parameters_recovered,0,0.18804069999896456
ffp,0.6,1.0,0.005,0.0,1.0,22.0,965103598,411.5597197431534,411.55910873401655,0.6106934346870366,0.9911798260995411,True,410632548,2668009072,3211476244,2.8964299383733305,238,24.19028025684662,246058.27037616586,,True,False,True,True,event_detected_parameters_recovered,0,0.1858393000002252
ffp,0.6,1.0,0.005,0.0,1.0,22.0,443842780,1480.3345052050247,1480.3323381592818,0.5951046620107808,1.005613072004284,True,2589240881,646656919,2362892168,0.41250466063502245,238,19.334505205024698,245642.93353101343,,True,False,True,True,event_detected_parameters_recovered,0,0.17932219999966037
ffp,0.6,1.0,0.005,0.0,1.0,22.0,1524229237,407.3826890083056,407.3807181647353,0.5870908794106577,1.018988074463243,True,2052220003,1482771882,165023314,1.6721717758173327,238,28.36731099169441,245390.7568517069,,True,False,True,True,event_detected_parameters_recovered,0,0.1674762999991799
ffp,0.6,1.0,0.005,0.0,1.0,22.0,2816633183,1485.2826421792977,1485.2813196910777,0.6249386089632715,0.9796047259165251,True,3379293397,4279465835,562743025,1.9952616809678148,238,24.28264217929768,246252.07564350788,,True,False,True,True,event_detected_parameters_recovered,0,0.17833640000026207
ffp,0.6,1.0,0.005,0.0,1.0,22.0,1259492244,1659.9872512438303,1659.9892613849718,0.551648415700146,1.0469041985559269,True,187837090,2529069268,3705025291,2.941791203484172,238,16.362251243830315,245281.12021801365,,True,False,True,True,event_detected_parameters_recovered,0,0.151404399999592
ffp,0.6,1.0,0.005,0.0,1.0,22.0,2983642481,1667.9552437284992,1667.956858389217,0.6283161276457221,0.9721528263596171,True,2991618229,3754404187,3610757132,6.049030830472475,238,24.330243728499227,245316.07875014096,,True,False,True,True,event_detected_parameters_recovered,0,0.18377250000048662
ffp,0.6,1.0,0.005,0.0,1.0,22.0,2290949329,1528.2089044019467,1528.2093529849374,0.6370311928916678,0.9646243797005181,True,779992058,3323516678,109170292,5.022339164061123,238,3.291095598053289,246177.79292470877,,True,False,True,True,event_detected_parameters_recovered,0,0.19188220000069123
ffp,0.6,1.0,0.005,0.0,1.0,22.0,1949645514,410.07295874090704,410.072965377441,0.6482427158826841,0.9522065664036279,True,3933582296,589678177,4229696855,3.6605867101479816,238,25.67704125909296,244966.83648650144,,True,False,True,True,event_detected_parameters_recovered,0,0.18044220000047062
ffp,0.6,1.0,0.005,0.0,1.0,22.0,3762188864,1495.110777375206,1495.114152386891,0.5788779741880555,1.0205108066142554,True,2011581135,3508319666,2742228639,5.619420479742985,238,34.110777375206,245401.1648934409,,True,False,True,True,event_detected_parameters_recovered,0,0.15783640000154264
ffp,0.6,1.0,0.005,0.0,1.0,22.0,2801565907,1466.4883850643964,1466.4886744985638,0.5717522962684214,1.0274427309695067,True,3825401012,4254379404,4049881951,1.9744927603096585,238,5.488385064396425,246560.73740434754,,True,False,True,True,event_detected_parameters_recovered,0,0.1694246999995812
ffp,0.6,1.0,0.005,0.0,1.0,22.0,1909745157,411.5059902222855,411.5072183808733,0.5991231591130118,1.0015085997029427,True,2160131795,1117356651,1814917036,1.8740801111471228,238,24.244009777714496,245282.7092122496,,True,False,True,True,event_detected_parameters_recovered,0,0.16931930000100692
ffp,0.6,1.0,0.005,0.0,1.0,22.0,1470044949,34.85779659199626,34.85655045090887,0.6170389309495085,0.9858439422501822,True,3054566257,597655085,2836199743,4.427092473482617,238,34.85779659199626,245907.21394816798,,True,False,True,True,event_detected_parameters_recovered,0,0.2058926000008796
ffp,0.6,1.0,0.005,0.0,1.0,22.0,1928126082,244.1178554448102,244.11730257877062,0.5757164450904773,1.0285638906379406,True,1553497438,161319461,146056607,1.9118405573090058,238,9.007144555189797,244650.62486196693,,True,False,True,True,event_detected_parameters_recovered,0,0.17861139999877196
ffp,0.6,1.0,0.005,0.0,1.0,22.0,678233244,410.61195030477074,410.6112372657174,0.5936155922108908,1.009606868388102,True,3186418900,3115790037,1664024355,5.408438671529439,238,25.138049695229256,245784.16900369452,,True,False,True,True,event_detected_parameters_recovered,0,0.1918855000003532
ffp,0.6,1.0,0.005,0.0,1.0,22.0,2316586530,31.009040304903806,31.009912741525017,0.634575304567732,0.9745107163628396,True,330731174,674765449,2045192981,4.018039059033072,238,31.009040304903806,247669.42936755568,,True,False,True,True,event_detected_parameters_recovered,0,0.18902739999975893
ffp,0.6,1.0,0.005,0.0,1.0,22.0,2469866011,1495.105728055716,1495.1086902120612,0.6306703262781196,0.9662654535696985,True,2459609796,1456233355,2465654042,1.651599585711665,238,34.1057280557161,244729.12711542164,,True,False,True,True,event_detected_parameters_recovered,0,0.1982430000007298
ffp,0.6,1.0,0.005,0.0,1.0,22.0,1637966271,1699.6959314895246,1699.6949088254894,0.5904641331932418,1.009539023009253,True,677244412,626328186,338037090,1.158654783575912,238,14.429068510475417,245433.28711198474,,True,False,True,True,event_detected_parameters_recovered,0,0.1650884999999107
ffp,0.6,1.0,0.005,0.0,1.0,22.0,4116439413,1705.8677087060003,1705.8668060409607,0.624410867654914,0.9792294874319115,True,2948009983,382791714,1505958758,4.80053697450785,238,8.257291293999742,245107.67657712055,,True,False,True,True,event_detected_parameters_recovered,0,0.1877535000003263
ffp,1.0,0.02,0.005,0.0,1.0,22.0,2872615182,383.42127186563084,383.4221566059984,0.68784118499529,0.024294499434430426,True,439363583,3814610215,772429296,5.6685135710631585,4,908.5635932815421,1437.0603145646455,,True,False,True,False,event_detected_parameters_not_recovered,0,0.17882920000010927
ffp,1.0,0.02,0.005,0.0,1.0,22.0,1410631490,1655.0364958654652,1655.03667010938,1.576847687900758,0.014123066678386541,True,1494340302,805881470,2326146854,0.7540463311670464,5,570.5747932732606,1345.833159238755,,True,False,True,False,event_detected_parameters_not_recovered,0,0.5673774999995658
ffp,1.0,0.02,0.005,0.0,1.0,22.0,84944177,391.3927345304352,391.39143882437344,1.0761008502380724,0.020272292927004373,True,2053539215,2401242488,376032535,2.437723712346269,5,1307.1367265217589,1347.5353903034338,,True,False,True,True,event_detected_parameters_recovered,0,0.38612360000115586
ffp,1.0,0.02,0.005,0.0,1.0,22.0,2065488909,1652.9510493216656,1652.9522022146605,1.6344711505567244,0.014467140447039546,True,824409726,2956295297,3652884417,1.48897675153421,5,466.3024660832775,1187.0781404045701,,True,False,True,False,event_detected_parameters_not_recovered,0,0.8538743999997678
ffp,1.0,0.02,0.005,0.0,1.0,22.0,2232688221,1665.5762027914006,1665.5766011472792,0.8616809487949969,0.023318276409433163,True,247742007,633392592,1257967610,4.532019734760979,5,1097.5601395700323,1391.9473221502267,,True,False,True,True,event_detected_parameters_recovered,0,0.3257314000002225
ffp,1.0,0.02,0.005,0.0,1.0,22.0,3208204351,28.799883911307827,28.800703137248583,0.5798646044530772,0.028433790409796364,True,955205227,1670537679,1238073192,5.132832281068431,4,1439.9941955653912,1450.8664702274473,,True,False,True,False,event_detected_parameters_not_recovered,0,0.17288410000037402
ffp,1.0,0.02,0.005,0.0,1.0,22.0,334057153,12.972234521055556,12.971710651509051,0.6460959437559068,0.02578125982893342,True,570750136,2608880933,2420270120,2.382289680448366,5,648.6117260527778,1412.7156530975408,,True,False,True,False,event_detected_parameters_not_recovered,0,0.20012229999883857
ffp,1.0,0.02,0.005,0.0,1.0,22.0,2771429982,1334.8841187257754,1334.8851751258694,1.409475589772084,0.015586050875468327,True,1115168909,777487419,1599655071,0.6309654198776116,5,699.5440637112324,1434.18492889739,,True,False,True,False,event_detected_parameters_not_recovered,0,0.5296352999994269
ffp,1.0,0.02,0.005,0.0,1.0,22.0,3151638386,231.6735291184557,231.67450800771195,0.5574595252107102,0.02681345685898452,True,3640107132,1254042498,1991081931,2.1819306006136685,5,1072.5735440772155,1496.6168253206633,,True,False,True,False,event_detected_parameters_not_recovered,0,0.15764380000109668
ffp,1.0,0.02,0.005,0.0,1.0,22.0,1413608339,185.6281845098862,185.62703600655368,0.6883420591834629,0.02365780821869199,True,3186706953,1831454112,1969765783,4.885694237636926,4,150.15922549431053,1393.4445132571636,,True,False,True,False,event_detected_parameters_not_recovered,0,0.16721739999957208
ffp,1.0,0.02,0.005,0.0,1.0,22.0,1387194765,192.32336230104931,192.32370123489898,0.5823940379599978,0.026717185124285905,True,2911841846,2239578610,2168314555,2.241713515841184,5,484.91811505246574,1345.1160243113045,,True,False,True,False,event_detected_parameters_not_recovered,0,0.1807914000000892
ffp,1.0,0.02,0.005,0.0,1.0,22.0,1606774157,200.34069363774114,200.34088065524637,1.614591896632103,0.014000135272686298,True,1129172122,3028167586,2371469667,3.7988383560605143,5,885.784681887057,1267.4556088903046,,True,False,True,False,event_detected_parameters_not_recovered,0,0.6200833999992028
ffp,1.0,0.02,0.005,0.0,1.0,22.0,1247973892,1475.5060121265471,1475.506043139138,1.0430492165999832,0.01766641453151622,True,3854397945,562295761,188345322,4.057462305754598,5,725.3006063273574,1376.8724401090294,,True,False,True,True,event_detected_parameters_recovered,0,0.3242225000012695
ffp,1.0,0.02,0.005,0.0,1.0,22.0,566250245,1500.9806601003868,1500.980942455969,0.7727481407415001,0.02375707506358421,True,2361756684,1034629844,4147799678,0.35054477160883835,5,1525.9669949806607,1393.9725871791597,,True,False,True,False,event_detected_parameters_not_recovered,0,0.23475609999877634
ffp,1.0,0.02,0.005,0.0,1.0,22.0,131653140,38.097571361184215,38.097134311731686,0.5713446660483653,0.027989679665525062,True,1044700549,1434622169,2395439411,0.8972398942501059,5,1620.1214319407893,1318.129845554955,,True,False,True,False,event_detected_parameters_not_recovered,0,0.18301439999959257
ffp,1.0,0.02,0.005,0.0,1.0,22.0,2231982919,1681.6931766805653,1681.693233231577,1.1235512657105273,0.018492295755492136,True,1096965267,2552377874,224078744,5.174420218427258,4,1621.5911659717335,1347.558693539584,,True,False,True,True,event_detected_parameters_recovered,0,0.37372639999921375
ffp,1.0,0.02,0.005,0.0,1.0,22.0,1732742444,1467.4871660011866,1467.4870672924392,0.6146256608527786,0.02638977573882391,True,69193390,4162721262,3860549717,0.3190417434598203,5,324.3583000593276,1494.116763776481,,True,False,True,False,event_detected_parameters_not_recovered,0,0.17744719999973313
ffp,1.0,0.02,0.005,0.0,1.0,22.0,2636336443,206.2278043150976,206.22707571885454,1.5890158654252577,0.014921211394139277,True,2032854603,3924926166,2898816260,0.8617862477240124,5,1180.1402157548794,1444.085200066067,,True,False,True,False,event_detected_parameters_not_recovered,0,0.4003480999999738
ffp,1.0,0.02,0.005,0.0,1.0,22.0,2777095954,1711.25973711135,1711.2602272003148,1.6045336482456722,0.014516599141892562,True,2442198785,3450980711,3365449308,1.1214407070656307,5,143.26314443250112,1291.605134062287,,True,False,True,False,event_detected_parameters_not_recovered,0,0.5120182000009663
ffp,1.0,0.02,0.005,0.0,1.0,22.0,3109252702,1704.6034887808723,1704.60453390944,1.5932277644418396,0.014819452558591554,True,1216610048,150625080,751206302,0.6761552164607565,5,476.075560956383,1418.117314026771,,True,False,True,False,event_detected_parameters_not_recovered,0,0.36190569999962463
ffp,1.0,0.02,0.005,0.0,1.0,22.0,1336050387,1676.401381758041,1676.400991897455,1.5689686439355395,0.01356020471466657,True,3086051607,3230494281,1485871789,4.110268244985491,5,1638.81908790205,1364.9652845686724,,True,False,True,False,event_detected_parameters_not_recovered,0,0.4812253000000055
ffp,1.0,0.02,0.005,0.0,1.0,22.0,3825447557,1319.637897191642,1319.6371718144428,0.46982887963425857,0.0324506717094542,True,1994735578,1384361797,1079765898,4.528043814025295,5,1461.8551404179016,1393.3491313953127,,True,False,True,False,event_detected_parameters_not_recovered,0,0.1449400000001333
ffp,1.0,0.02,0.005,0.0,1.0,22.0,2799658442,374.5946669724499,374.5943515126884,1.0729758580851074,0.01930949788672735,True,2201340362,4133104007,3787472178,1.1204402869771002,5,467.2333486224943,1499.392219555295,,True,False,True,True,event_detected_parameters_recovered,0,0.30097159999968426
ffp,1.0,0.02,0.005,0.0,1.0,22.0,2997316788,1669.8072818752544,1669.8070432386348,0.5155455764954363,0.0324249900314474,True,240994390,2426236348,3435337253,1.1140994931338355,5,1309.1140937627188,1353.6121662457736,,True,False,True,False,event_detected_parameters_not_recovered,0,0.19413349999922502
ffp,1.0,0.02,0.005,0.0,1.0,22.0,1142885223,1291.8116301940138,1291.811712654,0.3851186382722324,0.0369709814700467,True,53771860,977768278,2988945249,0.8474794519861462,5,671.8315097006894,1402.032623457424,,True,False,True,False,event_detected_parameters_not_recovered,0,0.1764221000012185
ffp,1.0,0.08,0.005,0.0,1.0,22.0,1242245312,399.19937581010237,399.199177084215,0.6207760902792726,0.10827846861428578,True,1264629057,1547118263,3151974792,3.1011663989647786,19,424.36719762627956,5644.765122415221,,True,False,True,False,event_detected_parameters_not_recovered,0,0.2065629999997327
ffp,1.0,0.08,0.005,0.0,1.0,22.0,935015466,1665.8321596429535,1665.83298151825,1.0908705305060946,0.07481029210407288,True,3430024123,3154039584,1822839585,1.990114027794334,19,277.5894955369182,5687.9771289375785,,True,False,True,True,event_detected_parameters_recovered,0,0.34475019999990764
ffp,1.0,0.08,0.005,0.0,1.0,22.0,4154868796,1342.233900191752,1342.2345144791607,0.932561171826031,0.0822393119257965,True,125992367,4062687908,932880602,3.1837235344210058,19,83.01374760310125,5635.175668012482,,True,False,True,True,event_detected_parameters_recovered,0,0.28781209999942803
ffp,1.0,0.08,0.005,0.0,1.0,22.0,4043174415,1307.6226898885236,1307.6239093091278,0.69382228357622,0.10306529971323761,True,1904611192,3662103071,3572440182,3.426560368970968,19,365.5961236065451,5380.0514453019205,,True,False,True,False,event_detected_parameters_not_recovered,0,0.2363043999994261
ffp,1.0,0.08,0.005,0.0,1.0,22.0,3121823180,377.4908186414852,377.4904807213678,0.802678665437229,0.09065553821423805,True,1976417949,938652067,219097440,2.921156314860127,19,153.0102330185649,5545.808721737703,,True,False,True,True,event_detected_parameters_recovered,0,0.2488509000013437
ffp,1.0,0.08,0.005,0.0,1.0,22.0,2334843189,385.1897809844716,385.19105557318403,1.5989526579389552,0.05915656367362741,True,93006433,3442504208,3447577234,0.0153824480730691,19,249.24726230589513,5566.331302710627,,True,False,True,False,event_detected_parameters_not_recovered,0,0.5483012999993662
ffp,1.0,0.08,0.005,0.0,1.0,22.0,4057271768,1700.67301391268,1700.674471202669,1.114174816321205,0.07796301670786926,True,2309409807,1536148517,2982350663,2.2400345655478304,19,168.14982609149922,5372.686835443237,,True,False,True,True,event_detected_parameters_recovered,0,0.3677096999999776
ffp,1.0,0.08,0.005,0.0,1.0,22.0,551538450,1656.3505309354898,1656.350360661413,1.5937612751376964,0.05918226458834786,True,3211077561,4050161133,1187104907,5.364547173630854,19,159.06913669362268,5652.288265904426,,True,False,True,False,event_detected_parameters_not_recovered,0,0.5542132999999012
ffp,1.0,0.08,0.005,0.0,1.0,22.0,2683358866,238.1471196993085,238.14822565326028,0.8091244194734717,0.08948619556870445,True,2285091057,2758973254,2464722645,4.947632968128346,19,187.22350375864386,5592.0493399529805,,True,False,True,True,event_detected_parameters_recovered,0,0.23603089999960503
ffp,1.0,0.08,0.005,0.0,1.0,22.0,1705094290,185.88732975528038,185.8877880360387,1.5876957386216726,0.05751052237466464,True,3973384447,2843836618,3757446602,2.954847605365103,19,40.7791219410047,5615.907849971314,,True,False,True,False,event_detected_parameters_not_recovered,0,0.5182856999999785
ffp,1.0,0.08,0.005,0.0,1.0,22.0,239091652,429.97899268394315,429.97930079195254,0.9119239691943807,0.08379172494732529,True,130376552,1625862236,4230948544,3.4494645950962877,19,72.13759145071066,5457.072675402967,,True,False,True,True,event_detected_parameters_recovered,0,0.29026510000039707
ffp,1.0,0.08,0.005,0.0,1.0,22.0,2306334221,61.941364479050925,61.939269585920485,0.7183877891054341,0.0964878182577869,True,4057628492,3417257552,2632000556,5.635150154314488,19,106.98294401186344,5446.910750468232,,True,False,True,False,event_detected_parameters_not_recovered,0,0.22600930000044173
ffp,1.0,0.08,0.005,0.0,1.0,22.0,2085907907,217.58220556756487,217.5807408303454,1.5408324023895685,0.060405972238294005,True,1031895148,715152534,3517308938,2.376017310816678,19,436.9650695945609,5363.561760717348,,True,False,True,False,event_detected_parameters_not_recovered,0,0.6902133999992657
ffp,1.0,0.08,0.005,0.0,1.0,22.0,556560733,212.0596567101332,212.0585369726131,1.4696991344228931,0.06331597527642581,True,415868317,3397112657,3796816727,0.394337393540809,19,367.93320887666493,5434.860293193415,,True,False,True,False,event_detected_parameters_not_recovered,0,0.5912836999996216
ffp,1.0,0.08,0.005,0.0,1.0,22.0,1240233437,1471.2187617864993,1471.2211028889847,1.5838542286666577,0.05708179913788313,True,2549003373,2008211503,3385970823,1.4169726138061378,19,127.7345223312409,5614.138803746348,,True,False,True,False,event_detected_parameters_not_recovered,0,0.5627136000002793
ffp,1.0,0.08,0.005,0.0,1.0,22.0,3819918387,1649.2638504944414,1649.2645222089543,0.6658111878438064,0.10554293536846868,True,3949050612,1511633346,1106765775,0.8447120258642826,19,70.48563118051732,5448.580557484493,,True,False,True,False,event_detected_parameters_not_recovered,0,0.19550920000074257
ffp,1.0,0.08,0.005,0.0,1.0,22.0,735609101,240.05396855794953,240.05309708738747,0.851522315041395,0.08738734397866492,True,270932754,2468208142,2417344044,5.785276524079563,19,163.38789302563086,5533.278925496568,,True,False,True,True,event_detected_parameters_recovered,0,0.2774460000000545
ffp,1.0,0.08,0.005,0.0,1.0,22.0,2907368148,1340.5166512482415,1340.516371083462,1.604961046142403,0.058857167368962696,True,724528244,196474463,1599030223,4.477797801337147,19,104.47935939698141,5511.099651187629,,True,False,True,False,event_detected_parameters_not_recovered,0,0.6834681000000273
ffp,1.0,0.08,0.005,0.0,1.0,22.0,803211338,1500.8411936862774,1500.8393840015515,0.6872874705917992,0.10125266902207618,True,1035325074,1320063447,2775979004,5.218908453316544,19,383.2350789215326,5631.450581751116,,True,False,True,False,event_detected_parameters_not_recovered,0,0.2052827999996225
ffp,1.0,0.08,0.005,0.0,1.0,22.0,1939589553,58.207411665377506,58.20913018002239,0.8288409690892573,0.09217033617764715,True,3245646888,2607652051,4007141417,1.9727981541007011,19,153.65735418278118,5664.45497987813,,True,False,True,True,event_detected_parameters_recovered,0,0.2570847999995749
ffp,1.0,0.08,0.005,0.0,1.0,22.0,3146610651,221.6490642071152,221.65099958659377,0.5879684116572111,0.10725312156684717,True,1732394945,2199754961,1880054554,2.252458265320456,19,393.44919741105997,5561.0533301714095,,True,False,True,False,event_detected_parameters_not_recovered,0,0.18302109999967797
ffp,1.0,0.08,0.005,0.0,1.0,22.0,1479870350,1688.174607752421,1688.174616511604,1.6010429015193917,0.058858603826838045,True,100079985,2818197331,1900536735,2.7648362745458144,19,324.3799030947372,5573.560587925531,,True,False,True,False,event_detected_parameters_not_recovered,0,0.44850249999944936
ffp,1.0,0.08,0.005,0.0,1.0,22.0,868211203,1469.5664500434423,1469.5655202151347,1.0343906260421032,0.077370297466459,True,2000917657,4167983703,1848717470,5.788062602841819,19,107.08062554302842,5409.55774927423,,True,False,True,True,event_detected_parameters_recovered,0,0.33834749999914493
ffp,1.0,0.08,0.005,0.0,1.0,22.0,2547859757,1677.8733030952696,1677.8736735387881,1.6105662703757173,0.05904358030176847,True,2949680305,3616470304,4158865492,2.0435426278345403,19,428.1037886908706,5464.309162223901,,True,False,True,False,event_detected_parameters_not_recovered,0,0.5271393000002718
ffp,1.0,0.08,0.005,0.0,1.0,22.0,3567010445,1316.5797531202581,1316.5811023421982,1.6091336612240632,0.0600703462626861,True,1631359720,926424770,1252028491,3.8555066231492674,19,403.69058599677317,5580.227359964309,,True,False,True,False,event_detected_parameters_not_recovered,0,0.6402662000000419
ffp,1.0,0.3,0.005,0.0,1.0,22.0,300788587,1321.196653152595,1321.1965999608753,1.0219967506599612,0.29300247164897103,True,2608808973,2675475760,291092318,1.5805399666714948,71,92.2611561580167,20462.53721923106,,True,False,True,True,event_detected_parameters_recovered,0,0.3352187000000413
ffp,1.0,0.3,0.005,0.0,1.0,22.0,1058011655,1661.3596321640364,1661.35804903542,1.2245724432815965,0.2650494890705145,True,948674809,301623943,4047599413,5.229683692377876,72,59.11544054678795,21157.309922676766,,True,False,True,False,event_detected_parameters_not_recovered,0,0.43163040000035835
ffp,1.0,0.3,0.005,0.0,1.0,22.0,323850851,185.95944822811532,185.9564322475326,0.8589459610989263,0.3268844272389377,True,1487262993,1813206440,3268873469,2.094551512277576,71,11.114827427051068,21151.634870201276,,True,False,True,True,event_detected_parameters_recovered,0,0.2800407000013365
ffp,1.0,0.3,0.005,0.0,1.0,22.0,1540632595,1332.8938636611208,1332.895265047486,1.2080687367430294,0.2667106992424597,True,2658842614,1063324131,4117498221,2.3636723066374543,71,53.27045446293066,20785.934248938138,,True,False,True,False,event_detected_parameters_not_recovered,0,0.4388182999991841
ffp,1.0,0.3,0.005,0.0,1.0,22.0,1828149765,1672.2221764781364,1672.219863726323,0.8176450426509929,0.3442720072912925,True,1319214502,3088624902,2576636229,3.634128669873462,72,95.32392159378787,20691.68954626606,,True,False,True,True,event_detected_parameters_recovered,0,0.24220299999979034
ffp,1.0,0.3,0.005,0.0,1.0,22.0,3260037640,1669.4246397981833,1669.4295720349148,0.8560622642633202,0.3342880947003837,True,3287418507,1629738059,3574496661,4.481309522452648,72,85.9987993272777,20626.349345100723,,True,False,True,True,event_detected_parameters_recovered,0,0.2866443999992043
ffp,1.0,0.3,0.005,0.0,1.0,22.0,1425931214,191.42804019437065,191.4297592313857,0.8341315884843878,0.33292561990678715,True,3240256098,4153990009,2728788025,4.422120101876317,72,29.34346731456884,20900.714603663888,,True,False,True,True,event_detected_parameters_recovered,0,0.2692741000009846
ffp,1.0,0.3,0.005,0.0,1.0,22.0,4121585362,1312.4452275708968,1312.447242655068,0.8048398783846797,0.3452531192491798,True,99938901,279468179,2459025533,4.372297725676617,72,113.56742523632269,20795.91363593393,,True,False,True,True,event_detected_parameters_recovered,0,0.2761532000004081
ffp,1.0,0.3,0.005,0.0,1.0,22.0,822086140,397.1113573318158,397.11016655412,1.6048570324517375,0.2210661960850065,True,2479208518,957195496,2983019953,2.845442324605756,71,106.20452443938595,20744.42383440047,,True,False,True,False,event_detected_parameters_not_recovered,0,0.6929925999993429
ffp,1.0,0.3,0.005,0.0,1.0,22.0,2476450176,1468.1662183628575,1468.1634122806097,0.920923625383121,0.31979120299545133,True,2411059910,4132729289,1248053621,1.9455574466701364,71,23.887394542858452,21188.051357132244,,True,False,True,True,event_detected_parameters_recovered,0,0.3035746999994444
ffp,1.0,0.3,0.005,0.0,1.0,22.0,865127544,1713.618629600658,1713.619821037024,0.982026202824709,0.3013012731262624,True,3273761260,3538686856,1420482817,2.1733746765676187,71,1.68790133113968,20593.277466004336,,True,False,True,True,event_detected_parameters_recovered,0,0.3443217999993067
ffp,1.0,0.3,0.005,0.0,1.0,22.0,2542737746,1679.7448782961287,1679.7405234538114,0.8795360344959186,0.32614165606281653,True,3943351188,563371560,3039564265,5.275253380714275,72,114.60040567957094,20589.006455022398,,True,False,True,True,event_detected_parameters_recovered,0,0.3177072999988013
ffp,1.0,0.3,0.005,0.0,1.0,22.0,1499437970,1712.1111191703258,1712.1144998039317,0.9906486487337117,0.300343905310456,True,3945101658,3753268311,1444031602,5.011605636755121,72,6.712936098914119,21040.351873511216,,True,False,True,True,event_detected_parameters_recovered,0,0.3137100999992981
ffp,1.0,0.3,0.005,0.0,1.0,22.0,58091110,1660.829197713174,1660.8292580182308,1.5995684998866817,0.21683389386844143,True,204487601,767064490,3388214247,5.344707062795351,72,57.34732571057975,20607.098332842652,,True,False,True,False,event_detected_parameters_not_recovered,0,0.5308475000001636
ffp,1.0,0.3,0.005,0.0,1.0,22.0,1582582279,200.10685020812346,200.10541723956857,1.0594262320733865,0.2851374672188489,True,3639328510,2726728541,1099037497,5.864299706486236,72,58.272834027078204,20985.380891757537,,True,False,True,True,event_detected_parameters_recovered,0,0.35493719999976747
ffp,1.0,0.3,0.005,0.0,1.0,22.0,1017550981,1343.831139260979,1343.8334238159518,0.9652029615355645,0.31678387156956284,True,1948800950,1935240905,3703546924,2.1594638389069587,71,16.81286913007019,20954.721478546657,,True,False,True,True,event_detected_parameters_recovered,0,0.30630569999993895
ffp,1.0,0.3,0.005,0.0,1.0,22.0,3138926756,9.390981312493137,9.391416548466795,0.662416304090394,0.3850531871085036,True,3707581226,1678086544,357604970,4.786910009934786,72,31.303271041643793,21233.469678270405,,True,False,True,False,event_detected_parameters_not_recovered,0,0.18433840000034252
ffp,1.0,0.3,0.005,0.0,1.0,22.0,2655016178,1675.707321839906,1675.7077153444045,0.9735942644222662,0.3068924350585173,True,2645995029,1406365086,1779848016,0.7434496367932297,71,106.94107279968648,21173.314632024594,,True,False,True,True,event_detected_parameters_recovered,0,0.28031860000010056
ffp,1.0,0.3,0.005,0.0,1.0,22.0,3299011837,1496.8218710973106,1496.819928473467,0.7603519470553364,0.35410225699972075,True,2251807773,1015937940,209682808,1.19438031953905,71,115.59376300896474,20571.929492445634,,True,False,True,False,event_detected_parameters_not_recovered,0,0.24772200000006706
ffp,1.0,0.3,0.005,0.0,1.0,22.0,4181075639,432.0474907201268,432.0476202028149,1.2075303413122829,0.2650414260670723,True,2029449219,1959005414,3317511070,5.486636690520754,72,12.341697599577326,20789.7844121596,,True,False,True,False,event_detected_parameters_not_recovered,0,0.41418700000031095
ffp,1.0,0.3,0.005,0.0,1.0,22.0,4124105913,420.5161858073254,420.51374325725527,1.3153633915056129,0.2513652573099242,True,894501703,188104297,1054075047,1.607562306953696,71,50.779380642248576,20936.86682245102,,True,False,True,False,event_detected_parameters_not_recovered,0,0.500885899999048
ffp,1.0,0.3,0.005,0.0,1.0,22.0,3267930281,1658.0039761707026,1658.0030851265399,0.9559433579421578,0.31496499999470245,True,2920946493,358623781,3789294166,2.625685888888256,71,47.92992056900857,20742.546025849486,,True,False,True,True,event_detected_parameters_recovered,0,0.28756740000062564
ffp,1.0,0.3,0.005,0.0,1.0,22.0,2340898260,4.802949134086636,4.801323503969898,0.9514675091360019,0.31141255544070706,True,3398029428,3665901397,939958749,4.95324691527486,72,16.009830446955455,21181.518997375868,,True,False,True,True,event_detected_parameters_recovered,0,0.29079950000050303
ffp,1.0,0.3,0.005,0.0,1.0,22.0,2466947535,61.680011467448665,61.67527571069894,1.0477166280060202,0.2872343673009934,True,987203215,867155702,1129071142,5.216513138296932,72,29.399961775171118,20600.606871913995,,True,False,True,True,event_detected_parameters_recovered,0,0.3455408999998326
ffp,1.0,0.3,0.005,0.0,1.0,22.0,3372885923,1504.7579647076564,1504.758801597149,0.8900617399984303,0.32545273737239083,True,1170284944,3263078316,1472480807,5.330820739909541,72,89.14011764114548,20929.864769929423,,True,False,True,True,event_detected_parameters_recovered,0,0.2804381999994803
ffp,1.0,1.0,0.005,0.0,1.0,22.0,1842362809,227.66559009735568,227.6707091112717,1.0708614897088866,0.9398688690262311,True,2047742701,489765544,962854363,2.4497402145971137,238,25.459409902644325,68607.46375034895,,True,False,True,True,event_detected_parameters_recovered,0,0.31394729999919946
ffp,1.0,1.0,0.005,0.0,1.0,22.0,2027494526,1709.7596396164643,1709.7606589979302,1.0051258029104424,1.0003195837227372,True,3258662628,2473273117,584897272,5.218951936403755,238,4.365360383535744,68892.979145344,,True,False,True,True,event_detected_parameters_recovered,0,0.3063858000004984
ffp,1.0,1.0,0.005,0.0,1.0,22.0,2905078847,1695.2587842480807,1695.259803496944,1.0962753199785609,0.9414515672008335,True,2255277693,3150342208,1324293136,1.850682486583537,238,18.8662157519193,68441.84661637811,,True,False,True,True,event_detected_parameters_recovered,0,0.33077640000010433
ffp,1.0,1.0,0.005,0.0,1.0,22.0,1538432639,417.2509987664793,417.24337900088096,0.8772093845161711,1.0858977666346314,True,755757024,633345768,1987542270,5.4617764971953875,238,18.499001233520687,68919.06927529708,,True,False,True,True,event_detected_parameters_recovered,0,0.2689533000011579
ffp,1.0,1.0,0.005,0.0,1.0,22.0,1145743262,64.25814159506008,64.26050549354485,1.2504337157708727,0.8676184349904582,True,3688004397,2460775224,1042128247,3.023896900010641,238,6.241858404939919,68242.5326633037,,True,False,True,False,event_detected_parameters_not_recovered,0,0.45872630000121717
ffp,1.0,1.0,0.005,0.0,1.0,22.0,416322227,33.67580512366196,33.681115368363,1.1935432467769587,0.8863644430680134,True,470516386,3470774615,638723001,3.640621928499286,238,33.67580512366196,68407.69236831254,,True,False,True,True,event_detected_parameters_recovered,0,0.3846654999997554
ffp,1.0,1.0,0.005,0.0,1.0,22.0,3739328244,380.1742483243826,380.1760905341785,1.1139431429283124,0.93572032545959,True,1692628981,1218219688,1306897928,1.3175870456507255,238,14.924248324382575,69298.94863338245,,True,False,True,True,event_detected_parameters_recovered,0,0.34846180000022287
ffp,1.0,1.0,0.005,0.0,1.0,22.0,1716043119,197.6328053362131,197.63524306239816,0.961651271939429,1.0138574067588986,True,2833791496,1834992328,2381188736,0.639684154330098,238,15.007805336213096,69132.43487356207,,True,False,True,True,event_detected_parameters_recovered,0,0.29533489999994345
ffp,1.0,1.0,0.005,0.0,1.0,22.0,899614037,217.40358157941253,217.40314376203517,1.1145952812708768,0.9326651974762437,True,3875851099,339738219,615190929,0.7425256286387594,238,34.77858157941253,68656.58321406519,,True,False,True,True,event_detected_parameters_recovered,0,0.3432046000016271
ffp,1.0,1.0,0.005,0.0,1.0,22.0,503015622,1462.3916895489087,1462.3804793351796,0.9286838019752671,1.0526443201690405,True,146251586,1079078278,3871765766,4.567049563920591,238,1.3916895489087437,67380.474707101,,True,False,True,True,event_detected_parameters_recovered,0,0.34003349999875354
ffp,1.0,1.0,0.005,0.0,1.0,22.0,1481767445,1329.3785505350618,1329.3828800351434,0.9343224155960164,1.0425111589937286,True,4226626271,3804753828,98099221,1.88722923721798,238,19.496449464938223,69102.63841857453,,True,False,True,True,event_detected_parameters_recovered,0,0.2773512000003393
ffp,1.0,1.0,0.005,0.0,1.0,22.0,1859835553,1327.8617815948314,1327.8684017276,1.2880645631237442,0.8462807330821023,True,3802167041,148365881,2696297402,4.065496822913701,238,21.013218405168573,68745.24732099863,,True,False,True,False,event_detected_parameters_not_recovered,0,0.44779249999919557
ffp,1.0,1.0,0.005,0.0,1.0,22.0,4285940602,399.85415870463953,399.8545131090097,1.055769874308095,0.9733778852424403,True,3634453829,3135881151,3074184061,2.1885345296141168,238,34.60415870463953,68162.10190190692,,True,False,True,True,event_detected_parameters_recovered,0,0.3211539999992965
ffp,1.0,1.0,0.005,0.0,1.0,22.0,2926465919,1503.7249486142541,1503.722998237458,1.0373151130483944,0.976340540187033,True,1048301556,2133365486,1833188969,4.57399524468201,238,27.775051385745883,68913.52189587778,,True,False,True,True,event_detected_parameters_recovered,0,0.33247800000026473
ffp,1.0,1.0,0.005,0.0,1.0,22.0,3717830010,23.910125624201925,23.908992883191527,0.8994307998085623,1.0731685547498828,True,4062934835,1722958916,2675253082,6.019101150889128,238,23.910125624201925,69200.96210071811,,True,False,True,True,event_detected_parameters_recovered,0,0.27628639999966254
ffp,1.0,1.0,0.005,0.0,1.0,22.0,2982023027,400.59078406934356,400.58882132079896,0.802769293170485,1.139222576236464,True,4029125687,2617242190,2238718286,1.8709402998229052,238,35.159215930656444,69388.28558439056,,True,False,True,True,event_detected_parameters_recovered,0,0.23363359999893873
ffp,1.0,1.0,0.005,0.0,1.0,22.0,1884382982,49.88254011915949,49.890282953920966,1.186560706280462,0.8899133664373284,True,770903621,2803134107,3085614599,5.257771596016028,238,20.617459880840507,69209.32878503732,,True,False,True,True,event_detected_parameters_recovered,0,0.3890049999990879
ffp,1.0,1.0,0.005,0.0,1.0,22.0,1900385654,33.06894461613,33.06683342776529,0.9309297547963156,1.0524575600481998,True,3136717355,56027858,4286289725,5.780247225169433,238,33.06894461613,68821.1292228642,,True,False,True,True,event_detected_parameters_recovered,0,0.27632809999886376
ffp,1.0,1.0,0.005,0.0,1.0,22.0,3885368294,1337.7648123600216,1337.7572282208387,1.0318043792984366,0.9796226666050424,True,3135272525,1231847256,2149626959,1.4702012501220452,238,11.110187639978449,69050.53014440667,,True,False,True,True,event_detected_parameters_recovered,0,0.3025357999995322
ffp,1.0,1.0,0.005,0.0,1.0,22.0,1735968288,1332.1576438580876,1332.1576129804903,1.0007005279995536,0.9945404829754355,True,2746133043,824196527,505696636,5.092844065147801,238,16.717356141912433,68447.38590403592,,True,False,True,True,event_detected_parameters_recovered,0,0.2825269000004482
ffp,1.0,1.0,0.005,0.0,1.0,22.0,192574986,1709.4601904897238,1709.4502774617297,1.0240438256494462,0.9811322786702982,True,3738184859,2296440794,3528394914,0.8256944442837266,238,4.6648095102762,68827.19681240186,,True,False,True,True,event_detected_parameters_recovered,0,0.2901131999988138
ffp,1.0,1.0,0.005,0.0,1.0,22.0,613757061,409.7391572342434,409.74196491082995,1.393831690164482,0.8053557437483578,True,2592816975,1548681629,3692425380,5.113582884050629,238,26.010842765756593,69618.69883069124,,True,False,True,False,event_detected_parameters_not_recovered,0,0.5394340000002558
ffp,1.0,1.0,0.005,0.0,1.0,22.0,1196898111,193.77999588997005,193.77729409760477,1.0633797916421228,0.9559995564432769,True,1317434454,827910683,1029632172,5.605918437568107,238,11.154995889970053,68723.65030278814,,True,False,True,True,event_detected_parameters_recovered,0,0.3386159999990923
ffp,1.0,1.0,0.005,0.0,1.0,22.0,2604521596,378.01172288669613,378.0133403122749,0.9099759486181367,1.0721956545198679,True,1377719696,3710604252,513785615,3.019043213380428,238,12.761722886696134,67769.19577934218,,True,False,True,True,event_detected_parameters_recovered,0,0.2621392000000924
ffp,1.0,1.0,0.005,0.0,1.0,22.0,3111745787,207.2347104123727,207.2446189654823,0.9144622085488725,1.0407723049628983,True,1830922289,3244246912,1251450913,2.9170061710692607,238,24.609710412372692,69594.53225275181,,True,False,True,True,event_detected_parameters_recovered,0,0.24523760000010952
ffp,0.1,0.02,0.005,0.0,1.0,24.0,3056405014,1526.4884504975591,1526.48833901686,0.2103622464313668,0.13062814547628487,True,2395910483,2822004767,1394164945,4.031283163240005,5,250.57747512204287,1465.6071632444728,,True,False,True,False,event_detected_parameters_not_recovered,0,0.7687570999987656
ffp,0.1,0.02,0.005,0.0,1.0,24.0,3393997007,230.38853616706928,230.38671527463666,0.177331737417678,0.022385520377407823,True,109994319,1687628277,188128261,3.092080603537397,5,1136.823191646536,2422.984806804401,,True,False,True,True,event_detected_parameters_recovered,0,16.866067300001305
ffp,0.1,0.02,0.005,0.0,1.0,24.0,320800124,432.94029138442943,432.94277777798334,1.0,0.02,False,4232541053,4171303796,2730901514,3.580406717628648,5,140.48543077852855,-inf,,False,False,False,False,event_below_threshold,0,24.09850650000044
ffp,0.1,0.02,0.005,0.0,1.0,24.0,229580674,15.654787357501355,15.654375000000519,1.0,0.02,False,1609387636,1980529810,1025580413,0.5937948012049787,5,782.7393678750677,-inf,,False,False,False,False,event_below_threshold,0,36.86022089999824
ffp,0.1,0.02,0.005,0.0,1.0,24.0,3857583831,1711.0800951583653,1711.0799780523807,0.17961119374665335,0.07209678590057195,True,2405288239,2369019877,1324953838,3.462971591761743,5,152.24524208173307,976.86500786744,,True,False,True,False,event_detected_parameters_not_recovered,0,0.17689960000097926
ffp,0.1,0.02,0.005,0.0,1.0,24.0,3305831678,26.379759896276926,26.376319444445787,1.0,0.02,False,812946673,808495742,368305555,4.954250636840243,4,1318.9879948138464,-inf,,False,False,False,False,event_below_threshold,0,38.01311960000021
ffp,0.1,0.02,0.005,0.0,1.0,24.0,3021865609,1694.8929404054265,1694.8927222244224,0.17968299399328277,0.0702859185996828,True,2348069363,3941849503,795989764,3.7341840894441702,5,961.6029797286728,1307.650706063716,,True,False,True,False,event_detected_parameters_not_recovered,0,1.8634805000001506
ffp,0.1,0.02,0.005,0.0,1.0,24.0,2234333858,47.41887053104731,47.41861462996512,0.152875159972583,0.01794413712215792,True,894885753,3850117690,615730910,2.8735647132475606,5,1154.0564734476345,5541.729996088543,,True,False,True,True,event_detected_parameters_recovered,0,30.811811999999918
ffp,0.1,0.02,0.005,0.0,1.0,24.0,2356354187,1323.919077138087,1323.9192174124396,0.08131612432077899,0.021316792474157503,True,308609078,1407363755,2804885031,1.4710790897879633,5,1247.7961430956498,6612.739761491859,,True,False,True,True,event_detected_parameters_recovered,0,0.26530689999890456
ffp,0.1,0.02,0.005,0.0,1.0,24.0,1358251564,1348.5572822178754,1348.5570845942661,0.1803413182107665,0.06899897611710683,True,1487624449,3169272412,1374921410,3.286394117276359,5,15.885889106232298,1388.7913239713234,,True,False,True,False,event_detected_parameters_not_recovered,0,5.540554499999416
ffp,0.1,0.02,0.005,0.0,1.0,24.0,1640177038,1705.8980093579166,1705.8982995905073,0.12362645772342999,0.016833267452086607,True,3062247943,3912441772,477131428,0.03347573427163297,5,411.34953210416825,7240.372712991368,,True,False,True,True,event_detected_parameters_recovered,0,0.1262178999986645
ffp,0.1,0.02,0.005,0.0,1.0,24.0,2466919086,1663.116432836554,1663.111360711126,0.14999997652615302,0.020000004645359174,True,1403210166,4263003206,4147018377,4.336715257668402,5,974.571641827697,675.8440907472832,,True,False,True,True,event_detected_parameters_recovered,0,3.583028099999865
ffp,0.1,0.02,0.005,0.0,1.0,24.0,2859237714,1706.3113543856257,1706.3104924985776,0.1614913317754033,0.03647662732059025,True,301007848,3740457418,2649593338,2.3503156375227263,5,390.68228071871545,3196.599376409431,,True,False,True,False,event_detected_parameters_not_recovered,0,0.16168350000043574
ffp,0.1,0.02,0.005,0.0,1.0,24.0,245359562,52.05129851237129,52.055208333328174,1.0,0.02,False,785338045,3026314290,728059020,5.630142177914195,4,922.4350743814355,-inf,,False,False,False,False,event_below_threshold,0,41.44996390000051
ffp,0.1,0.02,0.005,0.0,1.0,24.0,2970198695,229.12280208553062,229.12597222220614,1.0,0.02,False,3195550613,1040918319,854436315,4.5649968127509055,5,1200.1098957234688,-inf,,False,False,False,False,event_below_threshold,0,25.371471000000383
ffp,0.1,0.02,0.005,0.0,1.0,24.0,3453673508,204.69569828043825,204.6990972222146,1.0,0.02,False,2509062800,187080546,2911069221,4.894476157928693,4,1103.5349140219125,-inf,,False,False,False,False,event_below_threshold,0,25.59664949999933
ffp,0.1,0.02,0.005,0.0,1.0,24.0,1402364422,33.763001567109704,33.762736734876675,0.09558957248421053,0.020913800967031673,True,3434891634,1653512386,599218722,0.9222566362950602,5,1688.1500783554852,6995.908610623286,,True,False,True,True,event_detected_parameters_recovered,0,33.69551239999964
ffp,0.1,0.02,0.005,0.0,1.0,24.0,3684219382,1286.8775768034375,1286.877641785031,0.14194152909311572,0.016617014264375136,True,2906494181,3337725510,3285574939,1.4894030043797102,5,425.1288401718739,6464.187758369459,,True,False,True,True,event_detected_parameters_recovered,0,6.831889000000956
ffp,0.1,0.02,0.005,0.0,1.0,24.0,1117175974,1675.8836807645137,1675.8835795513937,0.11331280425795046,0.018875411226617934,True,2630945559,4270337793,3500972132,0.6003010728454683,5,1612.9340382256828,7174.48196930714,,True,False,True,True,event_detected_parameters_recovered,0,0.17744180000045162
ffp,0.1,0.02,0.005,0.0,1.0,24.0,3669295230,1326.3328550962465,1326.329652777599,1.0,0.02,False,67880336,470455326,828565215,4.611338852373592,4,1127.1072451876762,-inf,,False,False,False,False,event_below_threshold,0,7.963471800001571
ffp,0.1,0.02,0.005,0.0,1.0,24.0,2205422184,1668.7718253802336,1668.7717142255256,0.2943483308037941,0.08379697626877264,True,2346900584,1763687860,1351045055,3.871452328567102,5,1257.341269011681,1274.0309157235824,,True,False,True,False,event_detected_parameters_not_recovered,0,0.18704580000121496
ffp,0.1,0.02,0.005,0.0,1.0,24.0,3727902066,1710.8848437815172,1710.8889886131105,0.14999999483557092,0.020000000867689816,True,3349653766,2608981626,4026171670,5.775045745904208,4,162.00781092413763,737.2022074855922,,True,False,True,True,event_detected_parameters_recovered,0,0.29681220000020403
ffp,0.1,0.02,0.005,0.0,1.0,24.0,616352027,1514.6641193790845,1514.6682697923145,0.14999998811779672,0.020000002063143747,True,3375433579,1034221489,4175185259,5.731906169712602,4,841.7940310457766,720.5825137469292,,True,False,True,True,event_detected_parameters_recovered,0,0.6571170000006532
ffp,0.1,0.02,0.005,0.0,1.0,24.0,1110436633,421.3423315004791,421.3469444446148,1.0,0.02,False,868299126,2514777770,475315512,5.45736044460682,4,720.3834249760462,-inf,,False,False,False,False,event_below_threshold,0,26.114145100000314
ffp,0.1,0.02,0.005,0.0,1.0,24.0,455906569,14.3290288785191,14.326736111111527,1.0,0.02,False,3222837931,3099280171,3719881593,3.3015850669048064,5,716.451443925955,-inf,,False,False,False,False,event_below_threshold,0,38.711812600000485
ffp,0.1,0.08,0.005,0.0,1.0,24.0,2194752205,1653.724733008323,1653.7248670031013,0.09867469203965266,0.0805913085438954,True,3345271406,3384826249,862769428,0.5844679606161662,19,126.24666260403785,22521.081080496486,,True,False,True,True,event_detected_parameters_recovered,0,8.289783100000932
ffp,0.1,0.08,0.005,0.0,1.0,24.0,3610936407,395.4986649886242,395.4988131638617,0.09369388095657599,0.08513276057341126,True,1041048423,3357570380,2648437838,1.9224165133891802,19,378.10831235780284,22791.313407247224,,True,False,True,True,event_detected_parameters_recovered,0,4.782646899999236
ffp,0.1,0.08,0.005,0.0,1.0,24.0,872523589,1323.036894410859,1323.0366948064034,0.10250203985021783,0.07808594259510665,True,3878312328,158664772,990506438,1.6279518768351409,19,322.97631986426154,22542.54863769219,,True,False,True,True,event_detected_parameters_recovered,0,2.428953900000124
ffp,0.1,0.08,0.005,0.0,1.0,24.0,68025782,223.24411657387694,223.24435359644832,0.09660398557963457,0.08141503855466169,True,2146888219,1671794111,97598746,0.1278664030132859,19,373.5110428265383,22624.589176629757,,True,False,True,True,event_detected_parameters_recovered,0,0.14333220000116853
ffp,0.1,0.08,0.005,0.0,1.0,24.0,3415018915,401.796099463315,401.79616351333857,0.10343742605975888,0.07739323337938095,True,1027175327,3114926990,3665776852,3.4832270137849264,19,424.4237567085626,22566.55498697327,,True,False,True,True,event_detected_parameters_recovered,0,8.01620080000066
ffp,0.1,0.08,0.005,0.0,1.0,24.0,3971286060,411.1937998966509,411.1938598593441,0.09617287755796004,0.08306310953788658,True,123467680,552678228,2522837283,3.7281490236364334,19,306.9525012918639,22805.945185774413,,True,False,True,True,event_detected_parameters_recovered,0,12.874540099999649
ffp,0.1,0.08,0.005,0.0,1.0,24.0,121777970,16.97325171732955,16.97323945403036,0.1084942095848962,0.07704590369347564,True,2540178546,2430300238,1724886339,0.5175270463388415,19,212.16564646661936,22628.036638721824,,True,False,True,True,event_detected_parameters_recovered,0,0.7844535000003816
ffp,0.1,0.08,0.005,0.0,1.0,24.0,1854922885,1488.647870458448,1488.647775137814,0.09348095111017757,0.08372961775261717,True,819040560,2910519776,435512527,3.9334603136740043,19,345.5983807306012,22710.140599819046,,True,False,True,True,event_detected_parameters_recovered,0,2.1819905000011204
ffp,0.1,0.08,0.005,0.0,1.0,24.0,3913374129,1698.950086937006,1698.950129852892,0.09882350715616024,0.07990947860232053,True,4037305055,228455079,1700908189,1.7251895857407362,19,189.68641328742422,22516.81211957599,,True,False,True,True,event_detected_parameters_recovered,0,0.48102149999976973
ffp,0.1,0.08,0.005,0.0,1.0,24.0,3380495972,1301.336407593078,1301.3363804870062,0.1019870655153989,0.07947982842811907,True,4076214856,1896651435,3676073977,4.873065844258235,19,287.01759491347616,22614.997281501026,,True,False,True,True,event_detected_parameters_recovered,0,0.5376095999999961
ffp,0.1,0.08,0.005,0.0,1.0,24.0,1969237096,1500.4585477591268,1500.458765873957,0.10070331185744923,0.081254865258478,True,600154248,460130025,3520289797,1.2912266456260113,19,388.0181530109155,22688.017241754154,,True,False,True,True,event_detected_parameters_recovered,0,4.317490699999325
ffp,0.1,0.08,0.005,0.0,1.0,24.0,928510189,1481.38984710708,1481.389795246226,0.10452204657573823,0.07624146279038901,True,645748182,1070109394,2026441849,5.320165695375181,19,254.87308883849948,22441.317648359545,,True,False,True,True,event_detected_parameters_recovered,0,4.758301000001666
ffp,0.1,0.08,0.005,0.0,1.0,24.0,1698335557,10.847511892101963,10.847430364682342,0.09527323854706796,0.08229586482862217,True,3093735677,1079379507,3261256190,0.6828753733870485,19,135.59389865127454,22584.389508971857,,True,False,True,True,event_detected_parameters_recovered,0,0.7081088000013551
ffp,0.1,0.08,0.005,0.0,1.0,24.0,2532811961,1281.5184294626515,1281.5185820264496,0.10400069459975447,0.07840402262966369,True,4222032305,2890366010,821980429,1.1384262350475183,19,39.29286828314389,22592.526889156215,,True,False,True,True,event_detected_parameters_recovered,0,0.1246197000000393
ffp,0.1,0.08,0.005,0.0,1.0,24.0,992531142,230.41924687142483,230.41924685175275,0.11526250609872225,0.07300404509415831,True,3082458320,2182294262,1048083588,1.0845051244450588,19,283.82191410718957,22639.164867102096,,True,False,True,True,event_detected_parameters_recovered,0,0.171053000000029
ffp,0.1,0.08,0.005,0.0,1.0,24.0,1911227927,231.46264921270716,231.4629056560825,0.09943051602188888,0.08121102487684381,True,522358805,512224414,373579756,1.0148663226300414,19,270.77938484116044,22660.898534114487,,True,False,True,True,event_detected_parameters_recovered,0,0.13135259999944537
ffp,0.1,0.08,0.005,0.0,1.0,24.0,2735919382,1464.7058316559478,1464.705778284363,0.09754107162027921,0.08192695575100589,True,2723608147,1189822860,3186419676,0.2975845847322489,19,46.322895699347555,22824.493751622416,,True,False,True,True,event_detected_parameters_recovered,0,0.14824160000171105
ffp,0.1,0.08,0.005,0.0,1.0,24.0,1854187051,367.6041783791823,367.60427829755713,0.10911310771065125,0.07502335945061928,True,4092187889,2422161853,494105328,2.016866012245373,19,29.427229739778937,22465.80468212546,,True,False,True,True,event_detected_parameters_recovered,0,2.8638740000005782
ffp,0.1,0.08,0.005,0.0,1.0,24.0,3957508319,1470.258021016123,1470.2579274282157,0.09816871055909283,0.08191469133706254,True,2387059160,3739419091,4279019437,2.6497367332558497,19,115.72526270153674,22464.93622706874,,True,False,True,True,event_detected_parameters_recovered,0,1.8523456000002625
ffp,0.1,0.08,0.005,0.0,1.0,24.0,3658559506,1696.5317356665348,1696.5315468513468,0.10789028862078917,0.0763864937274464,True,1206044265,2750075810,4185596626,4.099360094151052,19,219.91580416831482,22699.5309848858,,True,False,True,True,event_detected_parameters_recovered,0,2.436922400000185
ffp,0.1,0.08,0.005,0.0,1.0,24.0,1716739281,1711.7394514694613,1711.7394080546298,0.10327504866055859,0.07893385494449043,True,1731214484,1167228520,567322251,2.2101163899424137,19,29.81935663173374,22721.22964284484,,True,False,True,True,event_detected_parameters_recovered,0,3.5529509000007238
ffp,0.1,0.08,0.005,0.0,1.0,24.0,832789264,1662.092149316132,1662.092160272731,0.10199411942762233,0.07971577219347621,True,3389029982,3523687547,2551127722,3.1049846707537654,19,230.8393664516501,22606.896020276792,,True,False,True,True,event_detected_parameters_recovered,0,6.436011100000542
ffp,0.1,0.08,0.005,0.0,1.0,24.0,3640848357,1512.0697399355538,1512.0697595224815,0.10493863144786555,0.07900110631840997,True,3643201036,3027427927,1423348010,3.374492528346309,19,242.87825080557752,22705.694982974674,,True,False,True,True,event_detected_parameters_recovered,0,4.544120000000476
ffp,0.1,0.08,0.005,0.0,1.0,24.0,2518434228,1302.332731688036,1302.332817164785,0.10146226918983985,0.07923123225502772,True,4084751700,164377519,1195187028,2.033630900295975,19,299.47164610044865,22649.282403838755,,True,False,True,True,event_detected_parameters_recovered,0,2.2582780000011553
ffp,0.1,0.08,0.005,0.0,1.0,24.0,3218364329,1519.5690333293046,1519.5690125187589,0.10513845779427682,0.0764176506103862,True,596035609,2602625510,3299988661,2.407994513050653,19,149.13708338369247,22633.858600402586,,True,False,True,True,event_detected_parameters_recovered,0,4.101361799999722
ffp,0.1,0.3,0.005,0.0,1.0,24.0,496850513,1712.0213793239045,1712.0217081558003,0.0971136098594996,0.3080223225273495,True,244323581,3532691956,3263353808,3.2137732103001326,71,7.012068920318295,84803.2341245473,,True,False,True,True,event_detected_parameters_recovered,0,0.21993920000022626
ffp,0.1,0.3,0.005,0.0,1.0,24.0,3167290664,1509.7557709113655,1509.755702719208,0.09740116063770081,0.3049059957633673,True,2588565493,3160842863,3279532865,4.1101126280773315,72,72.48076362878162,84609.4992343896,,True,False,True,True,event_detected_parameters_recovered,0,0.24702559999968798
ffp,0.1,0.3,0.005,0.0,1.0,24.0,4081459251,378.17723222319745,378.17738429521506,0.10418266079518498,0.2928113430062682,True,3876123120,1157930262,3421041597,5.414401347816238,72,43.09077407732484,84865.80752987007,,True,False,True,True,event_detected_parameters_recovered,0,1.431757700000162
ffp,0.1,0.3,0.005,0.0,1.0,24.0,2568926513,1683.195340725624,1683.1953530978615,0.10330729333056766,0.2933934370072219,True,1277255003,2406348617,1664031776,2.3906451109360205,71,103.09886424792012,84874.87083951745,,True,False,True,True,event_detected_parameters_recovered,0,0.6009880999990855
ffp,0.1,0.3,0.005,0.0,1.0,24.0,3693744739,405.52981052964196,405.530033938688,0.10378102098299476,0.2920658151860632,True,1187661030,2877953281,988526897,4.472837491721293,72,100.73396490119346,84597.66269931915,,True,False,True,True,event_detected_parameters_recovered,0,0.5766423000004579
ffp,0.1,0.3,0.005,0.0,1.0,24.0,991976941,1519.3273324568681,1519.3271167854732,0.09724021035381725,0.30584135965514386,True,221294247,3103615645,1105539295,5.258738203228859,72,40.57555847710622,85002.46107793528,,True,False,True,True,event_detected_parameters_recovered,0,0.1931905999990704
ffp,0.1,0.3,0.005,0.0,1.0,24.0,1939468453,69.04618668015023,69.04618420572378,0.10143623705716348,0.29668120804037473,True,2492783711,2690255934,2934563428,0.8088194322067466,71,4.84604439949924,84830.61252982148,,True,False,True,True,event_detected_parameters_recovered,0,0.22696879999966768
ffp,0.1,0.3,0.005,0.0,1.0,24.0,131169607,1666.750857404048,1666.7506231829348,0.09603835162256187,0.3051601315585013,True,3854284968,652511590,2203281266,2.034661953293835,71,77.08619134682674,84625.23411112085,,True,False,True,True,event_detected_parameters_recovered,0,0.24241169999913836
ffp,0.1,0.3,0.005,0.0,1.0,24.0,2256997727,421.34601568942475,421.3461171379769,0.10247733550427082,0.2943931645662275,True,2180355676,3573635977,2298472585,1.3374074736657349,71,48.01328103525085,84500.93415907254,,True,False,True,True,event_detected_parameters_recovered,0,0.1758893000005628
ffp,0.1,0.3,0.005,0.0,1.0,24.0,3462561539,1340.9847314768697,1340.9841636664669,0.1028243129587539,0.2957976176227044,True,2355556772,3993636639,1238410268,0.9133270284655737,71,26.300895077101057,84870.2797650143,,True,False,True,True,event_detected_parameters_recovered,0,0.2553544000002148
ffp,0.1,0.3,0.005,0.0,1.0,24.0,1192526176,1475.7639371802227,1475.764102603179,0.10152734213247327,0.29992578308084245,True,297417786,3803999965,4030131188,0.36953959992388263,71,49.21312393407561,84907.26577863064,,True,False,True,True,event_detected_parameters_recovered,0,0.13767469999947934
ffp,0.1,0.3,0.005,0.0,1.0,24.0,3257578988,431.19332192411144,431.19315970151695,0.09806514674150117,0.30250513960782704,True,77660352,1587341939,2175857862,2.4164295678838243,71,15.18892691962852,84972.30985675179,,True,False,True,True,event_detected_parameters_recovered,0,0.15679909999926167
ffp,0.1,0.3,0.005,0.0,1.0,24.0,693022075,1333.2576742382535,1333.257726363341,0.10005395559922531,0.3026370070235902,True,2401490620,746343032,2942169632,5.950903379598458,72,52.057752539155146,84966.5554814269,,True,False,True,True,event_detected_parameters_recovered,0,1.0266904000000068
ffp,0.1,0.3,0.005,0.0,1.0,24.0,2516443032,1321.8266220559512,1321.8261719692348,0.10039559176384258,0.29846919658050036,True,1148705274,1869602539,1884570683,1.2357608030652045,71,90.16125981349585,84682.68053704427,,True,False,True,True,event_detected_parameters_recovered,0,0.17420839999977034
ffp,0.1,0.3,0.005,0.0,1.0,24.0,73248523,40.035843169220385,40.03622622449519,0.09789668029744951,0.305230329220081,True,426671193,363768030,3451976161,4.885836321199122,72,101.54718943593205,85016.76495867688,,True,False,True,True,event_detected_parameters_recovered,0,3.8577031000004354
ffp,0.1,0.3,0.005,0.0,1.0,24.0,2377115807,195.60943547068075,195.6092690666747,0.10343229911024349,0.29115095692924153,True,1465665136,253133475,2167863176,3.087077786744885,71,43.281451568935836,84743.05930269678,,True,False,True,True,event_detected_parameters_recovered,0,0.35948610000014014
ffp,0.1,0.3,0.005,0.0,1.0,24.0,624882224,29.972149907802347,29.972136766101933,0.09815822907438121,0.3055127303340173,True,2849342330,1308498727,426691636,0.8041327669531029,71,99.90716635934116,84896.90075421403,,True,False,True,True,event_detected_parameters_recovered,0,0.14362449999862292
ffp,0.1,0.3,0.005,0.0,1.0,24.0,3072029859,1305.9916811265543,1305.9916960588903,0.095956093893449,0.3098726786258329,True,552553420,1882301251,2942035295,4.679177613470529,72,92.05560375518114,84860.68280942131,,True,False,True,True,event_detected_parameters_recovered,0,0.6251161000000138
ffp,0.1,0.3,0.005,0.0,1.0,24.0,3116788707,65.48815182770483,65.4879305682729,0.09833544368302873,0.30186457094238833,True,951939696,204556837,389959252,4.461368090942415,72,16.70616057431725,84917.57919207262,,True,False,True,True,event_detected_parameters_recovered,0,0.19600360000004002
ffp,0.1,0.3,0.005,0.0,1.0,24.0,726714854,1663.65613323184,1663.6560457851285,0.09802401037586143,0.3053189824628924,True,3049019273,606761113,2870066705,1.5681460429550498,71,66.77044410613311,84979.7495368505,,True,False,True,True,event_detected_parameters_recovered,0,0.6945015999990574
ffp,0.1,0.3,0.005,0.0,1.0,24.0,3990311808,58.13734240277293,58.13759655020866,0.0968549749310908,0.30707991224430203,True,2793629625,3651266465,2058208812,2.1269399965228786,71,41.20885865742357,84791.73433584024,,True,False,True,True,event_detected_parameters_recovered,0,0.1788909999995667
ffp,0.1,0.3,0.005,0.0,1.0,24.0,167426362,15.438724317703329,15.438737877404247,0.10064792830901588,0.29794360173362505,True,2527510298,134575679,178541165,4.06301749207131,72,51.462414392344435,84697.48015746276,,True,False,True,True,event_detected_parameters_recovered,0,0.17869419999988168
ffp,0.1,0.3,0.005,0.0,1.0,24.0,1058918323,237.4112281500445,237.41134966593037,0.09746823935415064,0.3052625747484027,True,264898274,3698792313,695530883,0.16853609136887826,71,52.37923949985164,84711.62702710039,,True,False,True,True,event_detected_parameters_recovered,0,0.13978180000049178
ffp,0.1,0.3,0.005,0.0,1.0,24.0,489404134,64.46142430143426,64.46153438023926,0.10325703456101046,0.29367738281513994,True,2254499786,2711277150,1519906552,5.350994078933127,72,20.12858566188579,84764.14727418125,,True,False,True,True,event_detected_parameters_recovered,0,4.455251600000338
ffp,0.1,0.3,0.005,0.0,1.0,24.0,64349807,1506.257259002087,1506.2570767173954,0.09828112895535289,0.3009219111808907,True,685675898,4029843357,890409667,0.1470367516958504,71,84.1424699930432,84690.35120687053,,True,False,True,True,event_detected_parameters_recovered,0,0.1252653999999893
ffp,0.1,1.0,0.005,0.0,1.0,24.0,731529030,1280.617379377661,1280.6176664499994,0.09945381449869946,0.9978721264474423,True,2928611338,2851932751,1333595470,1.6736961559581687,238,2.242379377661109,281861.6659453119,,True,False,True,True,event_detected_parameters_recovered,0,0.1581397999998444
ffp,0.1,1.0,0.005,0.0,1.0,24.0,2382675857,187.04328817208244,187.04313978408703,0.10139870680891105,0.9951056860428104,True,4287311553,1211291097,1817787709,2.2650321990840894,238,4.418288172082441,282273.79361352604,,True,False,True,True,event_detected_parameters_recovered,0,0.13917790000050445
ffp,0.1,1.0,0.005,0.0,1.0,24.0,666221196,1672.4339971443167,1672.4338440577578,0.09506527367552692,1.030657056229827,True,1616206063,4065219966,578180567,5.944112029319513,238,28.808997144316663,282190.8907923732,,True,False,True,True,event_detected_parameters_recovered,0,0.15589399999953457
ffp,0.1,1.0,0.005,0.0,1.0,24.0,296061720,1337.442128489693,1337.4424488546497,0.09950369114219877,1.0022252100736089,True,2215734361,1081308202,3399820735,5.765025475011498,238,11.432871510306995,282041.36288638,,True,False,True,True,event_detected_parameters_recovered,0,0.1448804999999993
ffp,0.1,1.0,0.005,0.0,1.0,24.0,217964744,46.8842005111831,46.88387805153899,0.09938944467512577,1.0033224622738959,True,3897555292,3168667068,2490915221,4.751263891475901,238,23.615799488816897,282233.53902539465,,True,False,True,True,event_detected_parameters_recovered,0,0.14712750000035157
ffp,0.1,1.0,0.005,0.0,1.0,24.0,1958584256,1328.5960365083351,1328.5962257974825,0.09864151592796733,1.0030006798348094,True,665914336,4260797465,1092775572,3.4074277277613874,238,20.278963491664854,282549.00317586045,,True,False,True,True,event_detected_parameters_recovered,0,0.1379514999989624
ffp,0.1,1.0,0.005,0.0,1.0,24.0,2530766250,250.87725642637108,250.87677938011393,0.0980377545774397,1.0088541699495983,True,3009263336,2669113760,2548640327,5.05074599166619,238,2.2477435736289237,282476.0928729701,,True,False,True,True,event_detected_parameters_recovered,0,0.14179220000005444
ffp,0.1,1.0,0.005,0.0,1.0,24.0,251152499,1671.904764189558,1671.9046764927625,0.10124230670825834,0.9947224895399496,True,4141724106,1365270800,886717083,5.739566884767555,238,28.27976418955791,282797.5948028279,,True,False,True,True,event_detected_parameters_recovered,0,0.1467387000011513
ffp,0.1,1.0,0.005,0.0,1.0,24.0,2413181814,407.90171725159905,407.90256125833287,0.10346094804880002,0.9785469314023673,True,3065151450,1551559656,1631710588,1.127157883875043,238,27.848282748400948,282262.51907753083,,True,False,True,True,event_detected_parameters_recovered,0,0.1491394999993645
ffp,0.1,1.0,0.005,0.0,1.0,24.0,24313130,3.8462100087826543,3.8460140308220105,0.0991274839936955,1.0049443217807457,True,3408534816,22550835,2026584894,3.257587353036442,238,3.8462100087826543,282823.1729280322,,True,False,True,True,event_detected_parameters_recovered,0,0.14271430000007967
ffp,0.1,1.0,0.005,0.0,1.0,24.0,1105138275,1305.6644478865487,1305.6647835098731,0.10229335087154108,0.9796490687992507,True,3652661933,525778315,3569046111,3.9950432233308675,238,27.289447886548714,281878.15437012236,,True,False,True,True,event_detected_parameters_recovered,0,0.14610219999849505
ffp,0.1,1.0,0.005,0.0,1.0,24.0,1048478645,1528.392700367808,1528.3923201534699,0.10123776185027952,0.9868228059137977,True,2781169139,2622725646,3739949279,3.4885300052337698,238,3.1072996321920527,281998.4420376839,,True,False,True,True,event_detected_parameters_recovered,0,0.15035290000014356
ffp,0.1,1.0,0.005,0.0,1.0,24.0,1595704185,243.9128004477587,243.91231643672725,0.10041838988399997,0.993757395500398,True,1230518517,3317869689,3117161860,2.967355196938115,238,9.212199552241287,282637.23626636766,,True,False,True,True,event_detected_parameters_recovered,0,0.1395913999986078
ffp,0.1,1.0,0.005,0.0,1.0,24.0,3262836932,49.07966290987694,49.07971946415498,0.0996867570551964,1.0025894534829713,True,4028301215,1407860561,3635246743,1.3854097712624025,238,21.420337090123063,282481.231816181,,True,False,True,True,event_detected_parameters_recovered,0,0.15601580000111426
ffp,0.1,1.0,0.005,0.0,1.0,24.0,2031820754,400.7499286442204,400.7495789819243,0.10035827848718687,0.9991128800509713,True,1442026706,2566854655,245720086,2.602752477860122,238,35.000071355779596,282595.27980270056,,True,False,True,True,event_detected_parameters_recovered,0,0.15278720000060275
ffp,0.1,1.0,0.005,0.0,1.0,24.0,2872297679,1295.130233428821,1295.1300045377175,0.0971865267190732,1.0182584334694673,True,3179728743,385859277,4203607102,0.13613759208965348,238,16.75523342882093,282815.07775551564,,True,False,True,True,event_detected_parameters_recovered,0,0.15363500000057684
ffp,0.1,1.0,0.005,0.0,1.0,24.0,1621215306,193.87428703734196,193.8739659707543,0.0994963889884988,1.001019942536858,True,4261637393,564709301,2051238743,2.9266662219788486,238,11.249287037341958,281795.74826010806,,True,False,True,True,event_detected_parameters_recovered,0,0.14427410000098462
ffp,0.1,1.0,0.005,0.0,1.0,24.0,977732039,1279.4157644562902,1279.4162030386626,0.0999844786405301,0.9971066573798268,True,103417981,2647194353,3050757228,1.6991829365724698,238,1.0407644562901623,280235.94630560296,,True,False,True,True,event_detected_parameters_recovered,0,0.15033210000001418
ffp,0.1,1.0,0.005,0.0,1.0,24.0,3243290705,1700.0320508650495,1700.0327760477014,0.09977741306404997,0.9970237376516784,True,3103917599,23228472,1244840681,1.1467540258308873,238,14.092949134950459,282527.0955136702,,True,False,True,True,event_detected_parameters_recovered,0,0.12905230000069423
ffp,0.1,1.0,0.005,0.0,1.0,24.0,1059482711,184.98348533175061,184.98255828103876,0.1034167092400997,0.9834423507440361,True,2855993055,2751005925,1177125918,3.8811222779395393,238,2.3584853317506145,282444.1349852079,,True,False,True,True,event_detected_parameters_recovered,0,0.15295809999952326
ffp,0.1,1.0,0.005,0.0,1.0,24.0,3545290590,12.851877944331635,12.851669469151451,0.09985795790802995,1.0000388465679717,True,2726130879,223422905,1830473845,5.804239837119098,238,12.851877944331635,282475.4714176171,,True,False,True,True,event_detected_parameters_recovered,0,0.13337660000070173
ffp,0.1,1.0,0.005,0.0,1.0,24.0,1298128834,1531.492714292652,1531.496302600662,0.096963029091848,1.0334703246803816,True,3694744609,3567235784,2684014260,2.6085817972489167,120,0.007285707348046344,148942.25475699053,,True,False,True,True,event_detected_parameters_recovered,0,0.18988260000151058
ffp,0.1,1.0,0.005,0.0,1.0,24.0,3993650582,1672.4156397359882,1672.4152162963685,0.09805228347649805,1.0169429587725565,True,387815849,4081443082,339917012,3.9212199775283807,238,28.79063973598818,283019.45660139463,,True,False,True,True,event_detected_parameters_recovered,0,0.14753919999930076
ffp,0.1,1.0,0.005,0.0,1.0,24.0,932548010,1511.2625403891832,1511.2626040652513,0.10153135282841896,0.9904159249276488,True,614142778,1195257678,2221468731,4.141839306357724,238,20.237459610816813,282490.84770994284,,True,False,True,True,event_detected_parameters_recovered,0,0.14052040000024135
ffp,0.1,1.0,0.005,0.0,1.0,24.0,131759560,234.92958152451865,234.92955166604125,0.1016606203020791,0.9867687092416316,True,3975479696,1885447453,1023786299,3.902604667096057,238,18.195418475481347,282959.0495991716,,True,False,True,True,event_detected_parameters_recovered,0,0.1346019000011438
ffp,0.6,0.02,0.005,0.0,1.0,24.0,546826237,369.6655856347486,369.6650601123626,0.3690048681084671,0.025091409683496567,True,724599444,4158292391,3800836819,5.9433140186865785,4,220.77928173742976,811.2737041796354,,True,False,True,False,event_detected_parameters_not_recovered,0,0.21580739999990328
ffp,0.6,0.02,0.005,0.0,1.0,24.0,3330461863,1342.0334754677197,1342.0329642707266,1.1167569440797382,0.015350717567031859,True,1958932144,2662816420,3801517375,1.395326141937403,5,342.0762266140173,832.1211032630235,,True,False,True,False,event_detected_parameters_not_recovered,0,0.30875819999891974
ffp,0.6,0.02,0.005,0.0,1.0,24.0,1174374445,1319.7579946999251,1319.7584974736812,0.3452566793916117,0.029162080563602793,True,2608879289,4262444288,1037989994,0.9876318856549915,5,1455.850265003744,721.804877450093,,True,False,True,False,event_detected_parameters_not_recovered,0,0.15488749999894935
ffp,0.6,0.02,0.005,0.0,1.0,24.0,2039918168,1491.268806992799,1491.2687903177607,0.47183412333493474,0.0208857753723048,True,3685584886,791926914,746968987,2.8820697930495953,5,1513.44034963995,764.9924606754212,,True,False,True,True,event_detected_parameters_recovered,0,0.20328060000065307
ffp,0.6,0.02,0.005,0.0,1.0,24.0,49081018,1678.4602551328203,1678.4606575019927,0.4450089179458824,0.022719319341605947,True,555875261,455023101,2120728470,3.8326085517473985,5,1741.7627566410147,844.7604243258029,,True,False,True,True,event_detected_parameters_recovered,0,0.24878270000044722
ffp,0.6,0.02,0.005,0.0,1.0,24.0,4248085186,28.64972645007204,28.65046437071684,0.772599579164223,0.015957797584283367,True,3791972078,1048849647,593758908,5.393911898447072,4,1432.486322503602,833.10321853411,,True,False,True,True,event_detected_parameters_recovered,0,0.26674930000081076
ffp,0.6,0.02,0.005,0.0,1.0,24.0,2133812379,246.73112148160823,246.73082517975428,0.6417031065974038,0.01854590369041031,True,1679131631,2446926060,1964797968,1.9149335477641216,5,319.69392591958865,822.4300744520442,,True,False,True,True,event_detected_parameters_recovered,0,0.8817837000005966
ffp,0.6,0.02,0.005,0.0,1.0,24.0,2612846148,211.72306675076572,211.7228497640366,0.5778275104334456,0.020534401640370074,True,732159594,601314329,1055936039,1.083878882868703,5,1454.9033375382862,792.343414904346,,True,False,True,True,event_detected_parameters_recovered,0,0.2622240000000602
ffp,0.6,0.02,0.005,0.0,1.0,24.0,2423017799,66.28940034984977,66.2887295494425,1.025109812547659,0.013376159087618996,True,3696940520,2055683803,4268832422,0.1634962018238184,5,210.52998250751145,886.5647083244403,,True,False,True,False,event_detected_parameters_not_recovered,0,0.29744149999896763
ffp,0.6,0.02,0.005,0.0,1.0,24.0,1154729590,59.12611265025126,59.12657910935476,0.17880369324141812,0.04167047660745324,True,2484699540,1080981834,2867298769,6.0022163727592215,4,568.694367487437,735.0579776268496,,True,False,True,False,event_detected_parameters_not_recovered,0,7.435842500000945
ffp,0.6,0.02,0.005,0.0,1.0,24.0,3576401565,1332.3057023732367,1332.3053740777211,0.7168230414643633,0.017169932654545948,True,1355670742,3546514057,923964107,2.411417750408873,5,828.4648813381637,767.9479475220433,,True,False,True,True,event_detected_parameters_recovered,0,1.7454780000007304
ffp,0.6,0.02,0.005,0.0,1.0,24.0,3921714223,29.08422447179645,29.085464007557253,0.37239675839179526,0.025912624511728294,True,314130786,701171174,1654854215,3.183239384653689,5,1454.2112235898226,770.2621130586049,,True,False,True,False,event_detected_parameters_not_recovered,0,7.807189999999537
ffp,0.6,0.02,0.005,0.0,1.0,24.0,1875750121,16.291475364128054,16.29137781224302,0.4225423227242007,0.023999455820996336,True,2190917965,2676715294,685231433,2.175475656417234,5,814.5737682064026,839.433177944753,,True,False,True,True,event_detected_parameters_recovered,0,0.15178000000014435
ffp,0.6,0.02,0.005,0.0,1.0,24.0,327703935,1477.3742222477076,1477.3743266120132,0.4298983791501058,0.022420701289500595,True,3811416831,3596541229,944799776,4.019963213104347,5,818.711112385381,797.1388928801607,,True,False,True,True,event_detected_parameters_recovered,0,0.1816162000013719
ffp,0.6,0.02,0.005,0.0,1.0,24.0,4202216077,1647.596234270918,1647.5954793791236,1.0932211821186555,0.013613213248339896,True,3074189831,2747662335,3747960540,4.7226498565942165,4,198.56171354590515,791.3157316773868,,True,False,True,False,event_detected_parameters_not_recovered,0,0.32240789999923436
ffp,0.6,0.02,0.005,0.0,1.0,24.0,3313552155,1657.7172554574624,1657.717407923887,0.400470362962887,0.025552024617340605,True,1286466913,2021697333,1030223637,1.1478588215686614,5,704.6127728731221,895.2518871304055,,True,False,True,True,event_detected_parameters_recovered,0,0.20338300000003073
ffp,0.6,0.02,0.005,0.0,1.0,24.0,2614065943,236.98446502925466,236.98378117998038,0.4896330121031384,0.02335148831541519,True,64452599,149836269,2710402831,2.729642153781242,5,807.0267485372667,783.6571500462596,,True,False,True,True,event_detected_parameters_recovered,0,0.2386079999996582
ffp,0.6,0.02,0.005,0.0,1.0,24.0,287129642,375.62610190659564,375.6263666518728,0.5271619680575043,0.021933114942477773,True,3370767093,2276551042,3648259485,1.9132545476622909,5,518.8050953297818,839.3173314072774,,True,False,True,True,event_detected_parameters_recovered,0,0.19415969999863592
ffp,0.6,0.02,0.005,0.0,1.0,24.0,2975498446,1306.0811015785323,1306.0802339114198,0.2590315103129259,0.03142575845609452,True,1960784446,3513155332,3796695903,3.086273235239787,5,1385.305078926615,777.065969977848,,True,False,True,False,event_detected_parameters_not_recovered,0,0.15002670000103535
ffp,0.6,0.02,0.005,0.0,1.0,24.0,3464448754,210.92404045856262,210.92477402759346,1.1147846001998687,0.01464433076292281,True,960502366,1247645530,2965123856,2.181739655743513,5,1414.9520229281306,804.990050845212,,True,False,True,False,event_detected_parameters_not_recovered,0,0.3319502000013017
ffp,0.6,0.02,0.005,0.0,1.0,24.0,2359805836,1645.5348669542932,1645.5346062045353,1.0701370164230397,0.014349484524230523,True,635377681,1565810424,2660162389,3.5084141924380674,5,95.49334771465965,859.9287423655187,,True,False,True,False,event_detected_parameters_not_recovered,0,0.3258273999999801
ffp,0.6,0.02,0.005,0.0,1.0,24.0,2376978546,1507.6172154769952,1507.6179318642799,1.070499737477382,0.013357707235614346,True,1041110139,2786493850,721216402,2.0097128766792594,5,1194.1392261502415,814.0416146481148,,True,False,True,False,event_detected_parameters_not_recovered,0,0.36754280000059225
ffp,0.6,0.02,0.005,0.0,1.0,24.0,1261434082,373.14641933755286,373.1461895779358,0.4768881579848933,0.023107414688495406,True,2985426220,707425598,2923020927,3.1561539584254206,5,394.82096687764283,794.6482262325881,,True,False,True,True,event_detected_parameters_recovered,0,0.23387650000040594
ffp,0.6,0.02,0.005,0.0,1.0,24.0,838967522,1501.7112256572836,1501.711518142001,1.089862546020327,0.012643810919119385,True,1105048558,3408548426,140152635,0.3350532929835026,5,1489.4387171358176,737.5978598544534,,True,False,True,False,event_detected_parameters_not_recovered,0,0.2818904999985534
ffp,0.6,0.02,0.005,0.0,1.0,24.0,1168280804,1484.39727210062,1484.3982917062422,1.0712737396500958,0.013410755652859638,True,72563341,3593702063,2722615426,5.6718250184712815,4,1169.8636050310029,814.4640001125808,,True,False,True,False,event_detected_parameters_not_recovered,0,7.697641700000531
ffp,0.6,0.08,0.005,0.0,1.0,24.0,2418892978,382.35894665002496,382.3579978505666,0.7810502797283597,0.06955895373785034,True,2061628469,2631946525,3533536466,1.283175961134475,19,213.86183312531202,3221.130841801394,,True,False,True,True,event_detected_parameters_recovered,0,0.2679028999991715
ffp,0.6,0.08,0.005,0.0,1.0,24.0,1026100563,1685.5195138628142,1685.519364813832,0.5265537286075155,0.08928790038476576,True,2146510979,2246506375,3174784427,2.500037322679418,19,357.56857671482294,3247.2914519085607,,True,False,True,True,event_detected_parameters_recovered,0,0.17534699999851
ffp,0.6,0.08,0.005,0.0,1.0,24.0,3167860521,24.05858637799635,24.057278731669342,1.0540818144495818,0.055963267766826585,True,1098380488,206591960,3040540136,2.0643843130659434,19,300.73232972495435,3489.2939293277304,,True,False,True,False,event_detected_parameters_not_recovered,0,0.29163890000018
ffp,0.6,0.08,0.005,0.0,1.0,24.0,998151853,1315.858971896382,1315.8591589707712,0.4627163546065201,0.0943257990123615,True,2097931300,2228802796,1514519688,1.1804690087592462,19,412.7003512952257,3377.135020563539,,True,False,True,True,event_detected_parameters_recovered,0,0.1656358000000182
ffp,0.6,0.08,0.005,0.0,1.0,24.0,25328266,371.74354276073484,371.7428438507691,0.5590248612622871,0.08511427389835521,True,3078807939,741586659,3631530542,2.5984245702329645,19,81.1692845091855,3400.48998570822,,True,False,True,True,event_detected_parameters_recovered,0,0.1923860999995668
ffp,0.6,0.08,0.005,0.0,1.0,24.0,2917156024,377.8649309046801,377.8639220809524,0.7201115739139612,0.0699401119766069,True,3475050676,3948856914,537972343,3.4005026841623476,19,157.686636308501,3265.669044639617,,True,False,True,True,event_detected_parameters_recovered,0,0.24281019999943965
ffp,0.6,0.08,0.005,0.0,1.0,24.0,3669581425,37.408441286953156,37.409433360044055,0.9110480734398158,0.0601606979726315,True,273051890,3962488849,2113812168,1.0445467873182679,19,413.64448391308554,3229.488606221843,,True,False,True,False,event_detected_parameters_not_recovered,0,0.3328555000007327
ffp,0.6,0.08,0.005,0.0,1.0,24.0,2583332608,27.61663913700064,27.614513656891386,0.4643107545453916,0.09147809028156301,True,3498803515,1562859760,3423994627,4.739642721150972,19,345.207989212508,3238.8267765070195,,True,False,True,True,event_detected_parameters_recovered,0,0.16673140000057174
ffp,0.6,0.08,0.005,0.0,1.0,24.0,2377351867,1702.5759873808329,1702.5764960458514,0.35239594767951865,0.11251058794243887,True,2629807104,3078117653,126390732,4.178171284147538,19,144.36265773958894,3337.184029889664,,True,False,True,False,event_detected_parameters_not_recovered,0,0.1554385999988881
ffp,0.6,0.08,0.005,0.0,1.0,24.0,2359480092,1670.880934483816,1670.8813405987307,0.3604373508648157,0.10399196505183392,True,2656992579,3444366982,2865582710,3.854343158673146,19,340.69918104769954,3221.0522672688094,,True,False,True,False,event_detected_parameters_not_recovered,0,0.15236349999941012
ffp,0.6,0.08,0.005,0.0,1.0,24.0,969263902,1693.59141516622,1693.5902596784313,1.0044382730732326,0.05685031592865604,True,3966829100,3895831873,2670290806,5.037839625074412,19,256.6698104222496,3210.042687484747,,True,False,True,False,event_detected_parameters_not_recovered,0,0.36899520000042685
ffp,0.6,0.08,0.005,0.0,1.0,24.0,1678542132,1347.614919464255,1347.6143182607284,0.7291533553820071,0.0713436117242343,True,2780126280,3830461443,1648148332,1.4840288990308181,19,15.751006696811487,3223.371427791455,,True,False,True,True,event_detected_parameters_recovered,0,0.2627706000002945
ffp,0.6,0.08,0.005,0.0,1.0,24.0,2817101682,229.89172561002556,229.8910069505116,1.0873300353533646,0.0546658581536042,True,916613313,501504550,2760152617,1.584878460339496,19,290.4159298746805,3115.5581611938323,,True,False,True,False,event_detected_parameters_not_recovered,0,0.40303379999932076
ffp,0.6,0.08,0.005,0.0,1.0,24.0,4191454397,26.247216392063486,26.245547071932865,1.035173345473149,0.05826186007625021,True,1238557522,876906750,928953125,4.408395430500605,19,328.09020490079354,3380.7172110498577,,True,False,True,False,event_detected_parameters_not_recovered,0,0.3287340000006225
ffp,0.6,0.08,0.005,0.0,1.0,24.0,2100840247,1347.0676965427115,1347.0682388873252,0.5261090611726418,0.08738016561615686,True,14001058,2662294175,939140379,0.016978126695903484,19,22.59129321610658,3363.4150297380475,,True,False,True,True,event_detected_parameters_recovered,0,0.16940409999915573
ffp,0.6,0.08,0.005,0.0,1.0,24.0,3645247004,246.22022403135952,246.2197563939757,0.3589002469252906,0.11316855087970479,True,1958497474,1552120246,1601394488,4.322605189372553,19,86.30969960800599,3276.398437878561,,True,False,True,False,event_detected_parameters_not_recovered,0,0.1563856000011583
ffp,0.6,0.08,0.005,0.0,1.0,24.0,2137336946,241.91715494387557,241.91919641959868,0.4290813153024902,0.09724943797915048,True,1433680420,2411924482,1588336103,3.1031192103455396,19,140.09806320155533,3172.6185442480564,,True,False,True,True,event_detected_parameters_recovered,0,0.17789919999995618
ffp,0.6,0.08,0.005,0.0,1.0,24.0,2268631461,1279.1658356546743,1279.1660156100995,1.043202069885588,0.058287636818098364,True,2816329846,1630141301,1683350987,1.4033427352478611,19,9.885445683428884,3235.989419676611,,True,False,True,False,event_detected_parameters_not_recovered,0,0.4099731000005704
ffp,0.6,0.08,0.005,0.0,1.0,24.0,2637416247,410.4358332367567,410.4355651372203,0.5701525727499358,0.07883802228270777,True,3224631515,1817012804,3240905462,5.8998607320882,20,316.42708454054116,3294.031964301357,,True,False,True,True,event_detected_parameters_recovered,0,0.19248469999911322
ffp,0.6,0.08,0.005,0.0,1.0,24.0,1132501416,55.107738907613374,55.10719572500227,1.0622639079486107,0.054212663382026655,True,3196644381,864821310,2430075611,3.344026972206393,19,192.4032636548328,3347.0863663842756,,True,False,True,False,event_detected_parameters_not_recovered,0,0.3259339000014734
ffp,0.6,0.08,0.005,0.0,1.0,24.0,3558825549,42.36997497488176,42.36975261279949,0.8035099982675429,0.06794704291020331,True,3819195096,4229590761,1333216581,4.563963832334821,19,351.62531281397804,3257.3831846458197,,True,False,True,False,event_detected_parameters_not_recovered,0,0.2636184000002686
ffp,0.6,0.08,0.005,0.0,1.0,24.0,1051903713,1506.7326748699334,1506.7334972149026,0.58694023825912,0.08096708062683797,True,651787070,3084456508,2830903870,5.248187050419801,19,309.591564125833,3290.5735133546114,,True,False,True,True,event_detected_parameters_recovered,0,0.1798595000000205
ffp,0.6,0.08,0.005,0.0,1.0,24.0,4288162821,27.09035037232102,27.08960919173305,0.5912778151012182,0.08095382992520847,True,1419654744,3346115454,1562511650,0.29546385974526856,19,338.6293796540127,3330.8855204609354,,True,False,True,True,event_detected_parameters_recovered,0,0.20101140000042506
ffp,0.6,0.08,0.005,0.0,1.0,24.0,2230498794,1320.2304752414136,1320.2307842668909,0.41438130017645475,0.10170204232283636,True,1510862530,348490307,754527661,1.7843478603026597,19,358.0565594823298,3289.8314510646014,,True,False,True,True,event_detected_parameters_recovered,0,0.1467011000004277
ffp,0.6,0.08,0.005,0.0,1.0,24.0,3921216040,1705.9539422374135,1705.954603834422,0.8104190881580647,0.06710378337081274,True,3485963503,1396268395,523678387,4.123177789988404,19,102.13822203233178,3283.1613376912355,,True,False,True,False,event_detected_parameters_not_recovered,0,0.3122688000003109
ffp,0.6,0.3,0.005,0.0,1.0,24.0,1241358171,392.5073978700456,392.5050389153521,0.5184376221042517,0.3265913805447747,True,617597536,724653992,4225145036,1.747067253500063,71,90.85799290015208,12098.203669511895,,True,False,True,True,event_detected_parameters_recovered,0,0.17818809999880614
ffp,0.6,0.3,0.005,0.0,1.0,24.0,2289583862,28.434727935833937,28.43847341073312,0.5956520052571267,0.29853216895117146,True,2371072733,511931279,422575930,0.39177240129276925,71,94.78242645277979,12278.949080198705,,True,False,True,True,event_detected_parameters_recovered,0,0.2090000999996846
ffp,0.6,0.3,0.005,0.0,1.0,24.0,450280805,390.2978443500402,390.29716358734123,0.4946204247264103,0.3416854781407664,True,3189921478,1096100975,3409572944,1.2041360516741406,71,83.49281450013393,12281.437081251563,,True,False,True,True,event_detected_parameters_recovered,0,0.15177980000044045
ffp,0.6,0.3,0.005,0.0,1.0,24.0,1676412195,431.6696569639601,431.6732878144469,0.49349230572629454,0.3272072953465978,True,3797631231,213567532,3322621722,5.906027812134198,72,13.601143453466307,12172.374037156456,,True,False,True,True,event_detected_parameters_recovered,0,0.14630610000131128
ffp,0.6,0.3,0.005,0.0,1.0,24.0,3105211714,66.45788433188322,66.45558517593844,0.3918764656128781,0.38995920723495114,True,2542760091,2397421327,2688891150,0.45343792642825065,71,13.473718893722596,12243.069277660812,,True,False,True,False,event_detected_parameters_not_recovered,0,0.13991410000016913
ffp,0.6,0.3,0.005,0.0,1.0,24.0,2309117812,1305.1451122405201,1305.1474435865903,0.47707628456657436,0.34491266001823506,True,137365426,2395869309,2154553310,1.6383735073031858,71,89.23370746840041,12209.283714273937,,True,False,True,True,event_detected_parameters_recovered,0,0.17916260000129114
ffp,0.6,0.3,0.005,0.0,1.0,24.0,3500296094,430.90294286860745,430.90335104742275,0.5240802153597642,0.32142251025610824,True,2040412085,933438505,142057210,2.9377305076559423,71,16.156857104641823,12470.065102384273,,True,False,True,True,event_detected_parameters_recovered,0,0.18355769999834592
ffp,0.6,0.3,0.005,0.0,1.0,24.0,3023819718,45.330492041412995,45.331543700309545,0.5037283353303724,0.3337669992015468,True,1065134190,2584040065,2398368843,3.5914603612047813,71,83.89835986195669,12105.14266743853,,True,False,True,True,event_detected_parameters_recovered,0,0.16489399999954912
ffp,0.6,0.3,0.005,0.0,1.0,24.0,1430778,386.4910539610641,386.49125289037465,0.5311867268954658,0.3245834938685699,True,1690039533,3483696059,3769452957,1.6822961605885212,71,70.803513203547,12229.369792244623,,True,False,True,True,event_detected_parameters_recovered,0,0.15398730000015348
ffp,0.6,0.3,0.005,0.0,1.0,24.0,984241110,1678.7591457420428,1678.76048010033,0.6771175350513857,0.28327600295581123,True,3510434994,3181489764,747862575,3.0698687303083716,71,117.11381914014282,12371.198157337894,,True,False,True,True,event_detected_parameters_recovered,0,0.20740029999979015
ffp,0.6,0.3,0.005,0.0,1.0,24.0,1250785407,399.2093705208342,399.2081187496366,0.4992114788852296,0.3289558648817392,True,1178433785,399014782,3584659926,5.393549852806245,72,113.19790173611409,12283.231623920889,,True,False,True,True,event_detected_parameters_recovered,0,0.18424469999990833
ffp,0.6,0.3,0.005,0.0,1.0,24.0,197037956,1301.6170403203225,1301.6187646582305,0.7363126481902078,0.26428786244075436,True,3864034630,1313846496,645375071,0.061938610779179726,71,77.47346773440844,12393.764620829657,,True,False,True,True,event_detected_parameters_recovered,0,0.2152131000002555
ffp,0.6,0.3,0.005,0.0,1.0,24.0,1415282072,226.54382495998814,226.54546521721505,0.5604032318734987,0.3123926655973088,True,1991366328,996984694,1071181523,3.5920575952059153,71,88.60391680003953,12501.735945804518,,True,False,True,True,event_detected_parameters_recovered,0,0.17349560000002384
ffp,0.6,0.3,0.005,0.0,1.0,24.0,981990945,182.9686786232523,182.96656728221637,0.47970874782039374,0.3556786835327359,True,2028578759,2556484140,2305620057,1.202782516534171,71,1.1455954108409592,12185.5343379923,,True,False,True,True,event_detected_parameters_recovered,0,0.21685529999922437
ffp,0.6,0.3,0.005,0.0,1.0,24.0,2378824151,32.67184688487379,32.671556824034845,0.41818694023715136,0.37414886927135926,True,2860816673,1401898796,3786912567,2.6595142160306295,71,108.90615628291263,12097.373253995422,,True,False,True,True,event_detected_parameters_recovered,0,0.15505299999858835
ffp,0.6,0.3,0.005,0.0,1.0,24.0,677072470,11.252396086107602,11.251757684579013,0.7267199350842556,0.26085188470364634,True,1557158627,3064228918,3402372873,1.5503639946885528,71,37.50798695369201,12436.543409137732,,True,False,True,True,event_detected_parameters_recovered,0,0.25770249999914085
ffp,0.6,0.3,0.005,0.0,1.0,24.0,3827841590,241.97268507931147,241.96965475724963,0.6654877684923342,0.2858421435410456,True,2326102263,3657750208,1941176254,1.6334857619267495,71,37.17438306896175,12078.626026705831,,True,False,True,True,event_detected_parameters_recovered,0,0.2191101999997045
ffp,0.6,0.3,0.005,0.0,1.0,24.0,287503979,24.73333961467781,24.731864574033466,0.5084749670361937,0.3234603500163127,True,601466464,828836157,1264527748,5.709045134295252,72,82.44446538225937,12131.788720589371,,True,False,True,True,event_detected_parameters_recovered,0,0.19787069999983942
ffp,0.6,0.3,0.005,0.0,1.0,24.0,2831333571,197.0646866490075,197.06053604012516,0.6468513689229676,0.2900207137180736,True,2928314946,2658194263,3416447836,5.348774578005759,72,48.13228883002505,12080.545136426663,,True,False,True,True,event_detected_parameters_recovered,0,0.21418310000080965
ffp,0.6,0.3,0.005,0.0,1.0,24.0,2422510565,1467.4229629430554,1467.4225253976754,0.5039184978261028,0.3285024962348224,True,329250499,3603058165,1569018795,4.666638034213975,72,21.409876476851274,12421.180656003584,,True,False,True,True,event_detected_parameters_recovered,0,0.16540399999939837
ffp,0.6,0.3,0.005,0.0,1.0,24.0,507969181,1660.3061031909879,1660.3071549694646,0.5066272221939973,0.32716050218127934,True,1324923730,2164823459,1533907593,2.2885951120770187,71,55.6036773032929,12217.27554888439,,True,False,True,True,event_detected_parameters_recovered,0,0.1500687999996444
ffp,0.6,0.3,0.005,0.0,1.0,24.0,3681082918,231.159132397771,231.1587920001645,0.7221150677385931,0.2718691880299164,True,1603343971,1107019910,2245699726,0.4493471855903408,71,73.21955867409666,12266.226785776496,,True,False,True,True,event_detected_parameters_recovered,0,0.2294712000002619
ffp,0.6,0.3,0.005,0.0,1.0,24.0,3608241449,228.1131471786548,228.11491169525533,0.5186768962248484,0.3198674910101858,True,3395004622,1227793497,1693734668,5.631937285556887,72,83.37284273781734,12075.029878747679,,True,False,True,True,event_detected_parameters_recovered,0,0.1657722999989346
ffp,0.6,0.3,0.005,0.0,1.0,24.0,1547403074,1503.8023356336762,1503.8032978092765,0.49814536113439,0.3352671734436697,True,2774866014,3433396447,4065775215,2.036687276486191,71,92.32554788774603,12462.114143397303,,True,False,True,True,event_detected_parameters_recovered,0,0.1636890999998286
ffp,0.6,0.3,0.005,0.0,1.0,24.0,1619030016,380.25258942342055,380.25085092631343,0.4911326775270007,0.34759385541249527,True,953372442,4225029740,3663385489,5.228769659997852,72,50.00863141140182,12332.041713414452,,True,False,True,True,event_detected_parameters_recovered,0,0.16533260000142036
ffp,0.6,1.0,0.005,0.0,1.0,24.0,1435937799,1333.5637035916598,1333.55849371302,0.5986349208426196,0.9998768609677601,True,400925798,2188895822,3451837928,1.0668277136574034,238,15.31129640834024,40918.59873301665,,True,False,True,True,event_detected_parameters_recovered,0,0.19113579999975627
ffp,0.6,1.0,0.005,0.0,1.0,24.0,3772984149,1280.5951676068278,1280.5906289476543,0.6632093639402097,0.941487650891661,True,546815361,1066840247,504026970,2.6413538439010154,238,2.220167606827772,41342.52910769699,,True,False,True,True,event_detected_parameters_recovered,0,0.17335079999975278
ffp,0.6,1.0,0.005,0.0,1.0,24.0,3691049160,1308.6006175720797,1308.6032027679078,0.584354257845045,1.023028795085592,True,2962425386,4062424203,1474321375,1.1893039570713881,238,30.225617572079727,40907.73850217755,,True,False,True,True,event_detected_parameters_recovered,0,0.17335480000110692
ffp,0.6,1.0,0.005,0.0,1.0,24.0,3780936426,381.30105575953104,381.30519762672236,0.6259972205404568,0.9720880258002539,True,1114453380,741135526,3319980553,2.5202936545156263,238,16.05105575953104,40955.54620439802,,True,False,True,True,event_detected_parameters_recovered,0,0.18017759999929694
ffp,0.6,1.0,0.005,0.0,1.0,24.0,774391957,60.235878375262125,60.23029288909643,0.6887543928127622,0.9265900421473956,True,3870339432,539486462,3597608153,5.235139611036175,238,10.264121624737875,40830.273417774006,,True,False,True,True,event_detected_parameters_recovered,0,0.2081586000003881
ffp,0.6,1.0,0.005,0.0,1.0,24.0,851297685,1687.0806993618594,1687.0775390564847,0.6382712094711167,0.9523342952996898,True,2742016923,2647267144,1632146555,4.992918689167709,238,27.044300638140612,41203.999727584654,,True,False,True,True,event_detected_parameters_recovered,0,0.1950500999992073
ffp,0.6,1.0,0.005,0.0,1.0,24.0,3740893564,1652.8002342620332,1652.8002990643047,0.7103113339049402,0.9007632002905864,True,3984670972,476732937,1834516346,0.8626626229306567,238,9.1752342620332,40582.5131066476,,True,False,True,True,event_detected_parameters_recovered,0,0.2163792999999714
ffp,0.6,1.0,0.005,0.0,1.0,24.0,3811689572,1284.4996979905382,1284.498653227812,0.584892767673687,1.0131675202948853,True,2656593470,3004525002,1245340162,1.3348935921749217,238,6.124697990538152,41072.382177860236,,True,False,True,True,event_detected_parameters_recovered,0,0.17994309999994584
ffp,0.6,1.0,0.005,0.0,1.0,24.0,2571938156,1505.666682253441,1505.6668178588918,0.6144194554304354,0.9883494317835165,True,266180468,4290660230,3786435451,3.5775548051969963,238,25.833317746559032,40534.192231156776,,True,False,True,True,event_detected_parameters_recovered,0,0.1896006999995734
ffp,0.6,1.0,0.005,0.0,1.0,24.0,1315272435,1687.3209581274357,1687.3212939437624,0.6694083499928613,0.9343573016340215,True,1604220934,638667992,1146539224,2.179703741967387,238,26.804041872564312,41085.065338183515,,True,False,True,True,event_detected_parameters_recovered,0,0.192771800000628
ffp,0.6,1.0,0.005,0.0,1.0,24.0,60945098,22.28063668811185,22.28802284450682,0.7416122078612859,0.8716010925977989,True,2226135312,1893570588,1624348110,5.0831691204138,238,22.28063668811185,40899.78094410545,,True,False,True,True,event_detected_parameters_recovered,0,0.22784850000061851
ffp,0.6,1.0,0.005,0.0,1.0,24.0,765003327,1707.1157224457334,1707.1239368966665,0.6997393817387327,0.8945467764495801,True,3633553461,4032081904,1587563147,0.9596778031118447,238,7.009277554266646,41028.14953968572,,True,False,True,True,event_detected_parameters_recovered,0,0.19647690000056173
ffp,0.6,1.0,0.005,0.0,1.0,24.0,1425793182,249.06260716841604,249.06619229048428,0.7712739734624341,0.8613230947432733,True,4185638790,2034000680,936709482,4.5456774478270745,238,4.0623928315839635,41377.41403586829,,True,False,True,True,event_detected_parameters_recovered,0,0.23092050000013842
ffp,0.6,1.0,0.005,0.0,1.0,24.0,1093378468,247.04379880977865,247.042154737657,0.6800877481519005,0.9301044745366466,True,1753394674,3378069464,1543341522,4.470286113328257,238,6.08120119022135,40716.8911927984,,True,False,True,True,event_detected_parameters_recovered,0,0.21139940000102797
ffp,0.6,1.0,0.005,0.0,1.0,24.0,29020141,1321.9100114270193,1321.910119362444,0.5851724734051759,1.0000107682970347,True,1592917140,2967871112,3886355794,0.31645514151023235,238,26.9649885729807,40882.66878949707,,True,False,True,True,event_detected_parameters_recovered,0,0.18083739999929094
ffp,0.6,1.0,0.005,0.0,1.0,24.0,1282898594,1329.743454978783,1329.7481727646941,0.5517944827402844,1.0582117162489544,True,1996517144,2215601462,1147618161,3.2751697231287835,238,19.131545021217107,40735.09187925563,,True,False,True,True,event_detected_parameters_recovered,0,0.14092259999961243
ffp,0.6,1.0,0.005,0.0,1.0,24.0,3749150631,392.1693751537517,392.17006251669795,0.6263993343694904,0.9833254653803731,True,1424638385,3184349735,90375427,4.499778715317007,238,26.919375153751673,40898.633737231095,,True,False,True,True,event_detected_parameters_recovered,0,0.1701057000009314
ffp,0.6,1.0,0.005,0.0,1.0,24.0,2177065447,1678.0929867479729,1678.0888178639077,0.6462577068914438,0.9571506162568645,True,757634712,1809379225,3737827173,0.29908273401815677,238,34.46798674797287,40810.989436037016,,True,False,True,True,event_detected_parameters_recovered,0,0.17523009999968053
ffp,0.6,1.0,0.005,0.0,1.0,24.0,849178121,7.1128703223021335,7.1207088068540205,0.5763989896828132,1.0244930749542929,True,3651128798,1542557761,1487355312,5.933264115136581,238,7.1128703223021335,40598.40645604648,,True,False,True,True,event_detected_parameters_recovered,0,0.16648870000062743
ffp,0.6,1.0,0.005,0.0,1.0,24.0,3651683271,244.79020927652377,244.78877750485742,0.6099332190913568,0.9835810921424327,True,3525626367,1969286394,2655282308,2.1013582251771368,238,8.334790723476232,40682.71611151721,,True,False,True,True,event_detected_parameters_recovered,0,0.18279099999926984
ffp,0.6,1.0,0.005,0.0,1.0,24.0,1308602136,380.40231224195537,380.4114210725489,0.5762862704583352,1.0268674348313165,True,2473921581,3668042520,3889264775,3.029628349486302,238,15.152312241955372,40658.88647313918,,True,False,True,True,event_detected_parameters_recovered,0,0.18512099999861675
ffp,0.6,1.0,0.005,0.0,1.0,24.0,792820185,1341.4882502839353,1341.492610820238,0.690324306596739,0.913590415395868,True,221274395,2269386529,1297597803,0.019590794399846345,239,7.386749716064742,40621.13550717506,,True,False,True,True,event_detected_parameters_recovered,0,0.2164530999998533
ffp,0.6,1.0,0.005,0.0,1.0,24.0,2651875509,1348.2436075092946,1348.2462072266828,0.5006937112621194,1.1279597882537271,True,2256691957,2534247811,3080390106,0.7051862406297005,195,0.6313924907053661,36817.72194369479,,True,False,True,True,event_detected_parameters_recovered,0,0.14362179999989166
ffp,0.6,1.0,0.005,0.0,1.0,24.0,1476930294,1660.272284791243,1660.2822677993722,0.5561478251900027,1.0514953405585068,True,1377083762,1552532902,554848050,1.9900994792988058,238,16.64728479124301,41066.45139135504,,True,False,True,True,event_detected_parameters_recovered,0,0.17565939999985858
ffp,0.6,1.0,0.005,0.0,1.0,24.0,2889107161,34.825899391122284,34.829473850559076,0.6490030351838524,0.9616282470476585,True,1636929093,753839940,234330734,5.204876785057877,238,34.825899391122284,41407.290722744576,,True,False,True,True,event_detected_parameters_recovered,0,0.17664109999896027
ffp,1.0,0.02,0.005,0.0,1.0,24.0,240009294,1465.0531624658756,1465.0522328714817,1.5791649750530976,0.015374735222054821,True,2470796481,2730635981,31405785,4.353950882650679,5,202.6581232937815,206.8058146501935,,False,False,False,False,event_below_threshold,0,0.41026529999908234
ffp,1.0,0.02,0.005,0.0,1.0,24.0,906631806,48.25469039502743,48.25458942587588,0.5797894643327808,0.03027212131344283,True,528291346,3881965172,2456941733,3.545831154960979,5,1112.2654802486284,226.53602139907161,,False,False,False,False,event_below_threshold,0,0.17097690000082366
ffp,1.0,0.02,0.005,0.0,1.0,24.0,2354404078,59.56529817292749,59.5640389990654,1.65192804826187,0.013205388675627006,True,1742362869,3976813167,2291835566,2.870630973243351,5,546.7350913536254,171.2085306238514,,False,False,False,False,event_below_threshold,0,0.34516509999957634
ffp,1.0,0.02,0.005,0.0,1.0,24.0,1704370559,33.255933134004295,33.25325179931108,1.6344064710565505,0.014013164960339088,True,2318734489,122266204,3786229018,3.2562870357457996,5,1662.7966567002147,203.59132081752614,,False,False,False,False,event_below_threshold,0,0.35578630000054545
ffp,1.0,0.02,0.005,0.0,1.0,24.0,2231692231,1325.2449283714172,1325.2484988588271,1.6837249907156897,0.013833290007304874,True,945025465,2539305537,2434752010,1.1031449075380806,5,1181.5035814291377,177.93789763147652,,False,False,False,False,event_below_threshold,0,0.3271582999987004
ffp,1.0,0.02,0.005,0.0,1.0,24.0,544566137,200.52687455526936,200.52775763450632,1.5623595365983016,0.015868508932504972,True,10834512,933940390,2084957047,5.699359596787872,4,895.0937277634679,251.68323353597953,,False,False,False,False,event_below_threshold,0,0.35504970000147296
ffp,1.0,0.02,0.005,0.0,1.0,24.0,2930665373,1713.4617172631583,1713.46255911335,1.5717090484211556,0.01284305450743911,True,3241688083,2046399633,1691149669,1.7728593229185208,5,33.16413684208328,214.19501746987953,,False,False,False,False,event_below_threshold,0,0.34438630000113335
ffp,1.0,0.02,0.005,0.0,1.0,24.0,308070226,424.7890506013746,424.7893958707897,0.13660445281510908,0.06387531128577323,True,810281247,2137684905,3080089551,4.3671342809648195,5,548.0474699312708,227.7839084490115,,False,False,False,False,event_below_threshold,0,0.14042179999887594
ffp,1.0,0.02,0.005,0.0,1.0,24.0,3967534441,1650.2225276428003,1650.2201879084087,0.9292499392481705,0.020437344514712512,True,1432599355,2437162671,643370284,1.939805667825567,5,329.87638214001436,217.5930381381986,,False,False,False,False,event_below_threshold,0,0.2806278999996721
ffp,1.0,0.02,0.005,0.0,1.0,24.0,3881197835,396.10322019472153,396.10413626277415,1.6224769754867179,0.01584501039384936,True,3948681277,446446156,388620111,2.5629197359194222,5,1542.6610097360765,198.84201622314868,,False,False,False,False,event_below_threshold,0,0.38148139999975683
ffp,1.0,0.02,0.005,0.0,1.0,24.0,4182311804,32.365997009699015,32.364668257695165,1.6584255363474418,0.01560827702061676,True,1038172536,2805309967,3960854857,2.1643060357916966,5,1618.2998504849506,182.85427349890233,,False,False,False,False,event_below_threshold,0,0.3526078000013513
ffp,1.0,0.02,0.005,0.0,1.0,24.0,1561815539,1662.952140813985,1662.9498682065587,0.09241967937347204,0.0912829927656084,True,412688691,2185081556,3350028469,1.082772242007195,5,966.3570406992449,266.2545858242811,,False,False,False,False,event_below_threshold,0,0.20066140000017185
ffp,1.0,0.02,0.005,0.0,1.0,24.0,2031074013,1505.0499127818327,1505.0536792842615,1.6296310487245824,0.016296576259793985,True,1305061787,189966369,4287699073,3.6744060756245744,5,1322.5043609083627,213.46035246310203,,False,False,False,False,event_below_threshold,0,0.5341849999986152
ffp,1.0,0.02,0.005,0.0,1.0,24.0,1089801176,202.80753110091342,202.80762635218176,0.4820739770666794,0.030901398678736938,True,4174754798,858721166,873089340,1.3552146746224025,5,1009.1265550456711,224.69739224377554,,False,False,False,False,event_below_threshold,0,0.14896130000124685
ffp,1.0,0.02,0.005,0.0,1.0,24.0,2356098137,252.54331088686263,252.5396659596133,0.28756139746329223,0.04580923427721967,True,1577693778,3847331088,2581795427,1.7323228830036896,5,29.084455656868613,219.88378199432918,,False,False,False,False,event_below_threshold,0,0.1460638000007748
ffp,1.0,0.02,0.005,0.0,1.0,24.0,330418414,1462.626671917991,1462.6270225349522,0.186842862362125,0.04509558256871087,True,3676035859,1115052676,2137343360,4.992438084263995,4,81.33359589954807,172.34013857963146,,False,False,False,False,event_below_threshold,0,0.12567850000050385
ffp,1.0,0.02,0.005,0.0,1.0,24.0,3630778032,243.07391366916002,243.0753027754197,0.988725195556714,0.019150488385889765,True,1747376166,3517007054,1603811678,0.9643163794726206,5,502.55431654199896,176.20814222784247,,False,False,False,False,event_below_threshold,0,0.2621053999992
ffp,1.0,0.02,0.005,0.0,1.0,24.0,3966751819,224.53256333431915,224.53455998512501,1.5839506347646952,0.014565322248395353,True,2898976434,1306605454,1186900707,4.191201440439727,5,1429.6218332840424,234.79175539960852,,False,False,False,False,event_below_threshold,0,0.421462899999824
ffp,1.0,0.02,0.005,0.0,1.0,24.0,2568311771,244.6405680994674,244.63861543106634,1.5981834262794832,0.015154121535323539,True,2751651784,2604434325,47706504,4.418063263933618,5,424.2215950266299,220.22841123483522,,False,False,False,False,event_below_threshold,0,0.2933811999992031
ffp,1.0,0.02,0.005,0.0,1.0,24.0,1474983865,1714.0604920159992,1714.0591484455879,1.6014866124552762,0.014606882379195775,True,3472956373,3208809060,1200989914,4.908503416991152,4,3.225399200039192,210.88954148173798,,False,False,False,False,event_below_threshold,0,0.5557946999997512
ffp,1.0,0.02,0.005,0.0,1.0,24.0,818125120,26.57228291431211,26.57435692986458,1.6670417225973932,0.015729987860857685,True,1706909263,698348300,3125767763,3.887396607485698,5,1328.6141457156057,210.82504688735935,,False,False,False,False,event_below_threshold,0,0.4070150999996258
ffp,1.0,0.02,0.005,0.0,1.0,24.0,3740964554,1657.6840361960576,1657.683950633139,0.2632415739500569,0.03954004829221699,True,679071726,1115189613,1988553332,1.712122398421343,5,702.9518098028802,212.75013595746714,,False,False,False,False,event_below_threshold,0,0.16193849999945087
ffp,1.0,0.02,0.005,0.0,1.0,24.0,3369586251,1681.6040150223614,1681.6054381060742,1.5415530720674129,0.011782937160336194,True,2946085125,298680118,319649991,2.218367595669406,5,1626.0492488819295,209.1259387128448,,False,False,False,False,event_below_threshold,0,0.4821986000006291
ffp,1.0,0.02,0.005,0.0,1.0,24.0,3212333492,1474.8813572737263,1474.8815642850855,0.7392825037515156,0.01815910615788248,True,3763267030,490185998,698491781,0.04552575963316485,5,694.067863686314,252.81948440884298,,False,False,False,False,event_below_threshold,0,0.22846690000005765
ffp,1.0,0.02,0.005,0.0,1.0,24.0,700701742,189.05942527024314,189.05737905248577,1.6370949946977038,0.016046297663479276,True,3194555686,3123931338,3746358838,3.0276108466750884,5,321.72126351215695,227.5025805838668,,False,False,False,False,event_below_threshold,0,0.345303199999762
ffp,1.0,0.08,0.005,0.0,1.0,24.0,805950022,207.69104811565717,207.6899817197648,1.62713202691499,0.06550067195140519,True,3298136660,242504788,1075638082,0.809286558801432,19,313.3256014457146,933.1962507547432,,True,False,True,False,event_detected_parameters_not_recovered,0,0.4377698000007513
ffp,1.0,0.08,0.005,0.0,1.0,24.0,4239479182,56.80005752303806,56.798315058006054,1.5780903988086277,0.059979459524546155,True,833542731,1015972402,812095380,3.917166815396058,19,171.24928096202422,981.0489591925725,,True,False,True,False,event_detected_parameters_not_recovered,0,0.40174630000001343
ffp,1.0,0.08,0.005,0.0,1.0,24.0,1039942441,54.9136346909133,54.91460941767229,0.7208709788203042,0.09793804218051627,True,172754743,989622854,3980018046,2.133954924000818,19,194.82956636358378,939.0615494570375,,True,False,True,False,event_detected_parameters_not_recovered,0,0.21191840000028606
ffp,1.0,0.08,0.005,0.0,1.0,24.0,2815306916,404.2880397569438,404.2943131083847,0.27897036968986244,0.1611263401643841,True,4049620020,1964599716,1716222980,1.822750171613734,19,393.2745030382023,1008.7372920179987,,True,False,True,False,event_detected_parameters_not_recovered,0,0.1363837999997486
ffp,1.0,0.08,0.005,0.0,1.0,24.0,3925988225,423.2827873333276,423.28605039527207,0.4558588563714632,0.12856762402269808,True,3952685045,939128108,3882389078,4.6137597379583895,19,155.8401583334053,844.0081373779103,,True,False,True,False,event_detected_parameters_not_recovered,0,0.15810099999907834
ffp,1.0,0.08,0.005,0.0,1.0,24.0,2164869172,32.739811849307316,32.7370925591978,1.5542853170502064,0.057768800870295074,True,976185996,2125761894,1311215898,3.7290630003451497,19,409.24764811634145,926.9053131443143,,True,False,True,False,event_detected_parameters_not_recovered,0,0.40394969999942987
ffp,1.0,0.08,0.005,0.0,1.0,24.0,1305697740,1290.5876707244552,1290.5846979927653,0.9339975323113153,0.08243060744228649,True,3829739699,2718743619,270584408,4.945843280984263,19,152.65838405568957,1003.9717804380489,,True,False,True,True,event_detected_parameters_recovered,0,0.2975152999988495
ffp,1.0,0.08,0.005,0.0,1.0,24.0,2991112409,1326.4677199669156,1326.467998039964,1.608124428141142,0.05754253852414727,True,3265350355,1419430639,2290636420,5.216752616688609,19,280.0910004135545,837.7136387179635,,True,False,True,False,event_detected_parameters_not_recovered,0,0.45380959999965853
ffp,1.0,0.08,0.005,0.0,1.0,24.0,415437283,35.674200343315796,35.67277047544127,1.5724587732824904,0.05404901661213791,True,3202217432,512444741,3005563589,5.751505625978552,19,435.32249570855254,903.2060283643586,,True,False,True,False,event_detected_parameters_not_recovered,0,0.4404217000010249
ffp,1.0,0.08,0.005,0.0,1.0,24.0,229784578,1673.685570558615,1673.6839282294554,1.3334968851432398,0.06596563390785141,True,2048903558,2806484559,175751259,5.521604566856695,19,375.7571319826866,895.7948432223493,,True,False,True,False,event_detected_parameters_not_recovered,0,0.4764651999994385
ffp,1.0,0.08,0.005,0.0,1.0,24.0,1972662793,61.33459216965727,61.337757869195094,0.41217616359458825,0.1296695238318164,True,2737808435,2129747215,1488364977,3.9127243185168936,19,114.56759787928412,881.521480075593,,True,False,True,False,event_detected_parameters_not_recovered,0,0.16498549999960233
ffp,1.0,0.08,0.005,0.0,1.0,24.0,1066480981,1324.715103142993,1324.7155458013297,1.6122346852695082,0.06071661736892083,True,2677367307,1229397344,3661258710,1.7514738412501174,19,301.9987107125871,921.9319813599286,,True,False,True,False,event_detected_parameters_not_recovered,0,0.5072388999997202
ffp,1.0,0.08,0.005,0.0,1.0,24.0,2424664948,1664.5847570425171,1664.5882013711562,1.425187017080558,0.05811392096617482,True,4211718603,2758200709,458593433,4.650141337187961,19,261.99696303146425,896.5685252589465,,True,False,True,False,event_detected_parameters_not_recovered,0,0.5021323999990273
ffp,1.0,0.08,0.005,0.0,1.0,24.0,2207086165,414.29518549837076,414.29633931618076,0.9537919992234094,0.08605763940675096,True,1735152816,2596995048,1711637044,2.6328825605833117,19,268.18518127036555,896.7309872146434,,True,False,True,True,event_detected_parameters_recovered,0,0.28240439999899536
ffp,1.0,0.08,0.005,0.0,1.0,24.0,2466834494,1462.977391283487,1462.974379357536,1.5587840786813336,0.060056987152970163,True,1931363592,2661373409,2314202460,3.9434482317301445,19,24.71739104358619,998.7386140165181,,True,False,True,False,event_detected_parameters_not_recovered,0,0.4748099000007642
ffp,1.0,0.08,0.005,0.0,1.0,24.0,2678030709,1656.6245277733306,1656.6234637114303,0.29651755612519826,0.16175781553743995,True,4166861151,1572367867,3677750550,0.6199936657867511,19,162.49409716663195,899.0195274129801,,True,False,True,False,event_detected_parameters_not_recovered,0,0.1424957999988692
ffp,1.0,0.08,0.005,0.0,1.0,24.0,2888549950,225.0786876085782,225.08137521094082,1.604877174032604,0.05465805747886433,True,3286236324,3737437189,4026901573,4.110156373753853,19,350.5789048927724,753.0363823455191,,True,False,True,False,event_detected_parameters_not_recovered,0,0.36191949999920325
ffp,1.0,0.08,0.005,0.0,1.0,24.0,2704191654,40.87831162908358,40.87833418158638,1.6103607423229898,0.05749905278060898,True,3800125377,3488811109,2799656370,1.7312541177750518,19,370.2711046364552,876.1015501834772,,True,False,True,False,event_detected_parameters_not_recovered,0,0.6551111999997374
ffp,1.0,0.08,0.005,0.0,1.0,24.0,2521449358,416.9024670197444,416.90646168916953,1.630363503535327,0.06153360335785489,True,2802748682,2256344406,3083989680,0.852508206062339,19,235.5941622531951,893.0904889956946,,True,False,True,False,event_detected_parameters_not_recovered,0,0.40466039999955683
ffp,1.0,0.08,0.005,0.0,1.0,24.0,3973824783,58.21896192410065,58.21557433122341,1.5726180321721128,0.057823890106078794,True,3956601791,4262373843,1763049267,5.594829284568732,19,153.5129759487419,913.2588863047131,,True,False,True,False,event_detected_parameters_not_recovered,0,0.32203089999893564
ffp,1.0,0.08,0.005,0.0,1.0,24.0,2939461114,1644.5866950052425,1644.583779050444,0.7181429273585587,0.10724716161844304,True,4169454724,2181091258,3624107288,5.440807554368803,19,12.021187565531477,830.1294805273574,,True,False,True,False,event_detected_parameters_not_recovered,0,0.19712629999958153
ffp,1.0,0.08,0.005,0.0,1.0,24.0,2460165500,1703.69025857012,1703.690500426437,0.5622501755364203,0.11894409719348574,True,3338654093,1275964140,994925522,3.1723412952851504,19,130.43426787349972,946.7460531773468,,True,False,True,False,event_detected_parameters_not_recovered,0,0.18196739999984857
ffp,1.0,0.08,0.005,0.0,1.0,24.0,1059579139,196.64773663092444,196.64874027865662,1.6009711509108557,0.05525642095114902,True,114080679,3342132716,3788572047,2.159251461821441,19,175.28420788655552,862.9931679446818,,True,False,True,False,event_detected_parameters_not_recovered,0,0.3636523000004672
ffp,1.0,0.08,0.005,0.0,1.0,24.0,2152832910,390.0174001091389,390.0071525808925,0.8046400921475292,0.09115665763253207,True,1489689270,1192747653,2409717026,5.7438429482772335,19,309.59250136423645,951.7748161073323,,True,False,True,False,event_detected_parameters_not_recovered,0,0.23069670000040787
ffp,1.0,0.08,0.005,0.0,1.0,24.0,1083590518,1524.043483400949,1524.0412478976095,1.4747148822232947,0.06460145213043784,True,4132028267,4132380071,3974089456,3.6839022948697675,19,93.2064574881366,942.6709308288264,,True,False,True,False,event_detected_parameters_not_recovered,0,0.5157417000009445
ffp,1.0,0.3,0.005,0.0,1.0,24.0,2835101192,230.52230196204596,230.52197939219727,1.5962315605894748,0.23286976140515453,True,4146587007,3051031949,1511350746,2.114825370026665,71,75.34232679318015,3583.27069454467,,True,False,True,False,event_detected_parameters_not_recovered,0,0.6432946999993874
ffp,1.0,0.3,0.005,0.0,1.0,24.0,2265459135,239.7586212583983,239.76053405441738,0.7770281949104912,0.3612735053210983,True,2792840415,2149425743,3855449950,4.514612122006838,72,44.55459580533898,3412.4223111571846,,True,False,True,False,event_detected_parameters_not_recovered,0,0.2249959000000672
ffp,1.0,0.3,0.005,0.0,1.0,24.0,2033076855,15.295647399427912,15.295140111112026,1.606504987146391,0.22862823622476913,True,727239953,3613027588,4231205940,3.73225517548633,72,50.985491331426374,3486.545561079598,,True,False,True,False,event_detected_parameters_not_recovered,0,0.5864203000000998
ffp,1.0,0.3,0.005,0.0,1.0,24.0,3008820063,2.7855069863388353,2.77055418545112,1.6051579568499903,0.21861139468345012,True,283588160,1508968276,326549492,6.03006032790141,72,9.285023287796118,3343.204610450208,,True,False,True,False,event_detected_parameters_not_recovered,0,0.6174456000007922
ffp,1.0,0.3,0.005,0.0,1.0,24.0,1544066187,236.80027387525385,236.8027335814611,0.9203931422748957,0.3024543585205526,True,797341212,3476626253,463749161,3.694380392516905,72,54.415753749153836,3535.3273699237034,,True,False,True,True,event_detected_parameters_recovered,0,0.2675844999994297
ffp,1.0,0.3,0.005,0.0,1.0,24.0,1181580270,428.8035779580641,428.7807311327756,0.9485747707061266,0.32370164756220543,True,2279305445,2158021592,3824018982,4.852259334447808,72,23.154740139786252,3292.845954782897,,True,False,True,True,event_detected_parameters_recovered,0,0.28189890000066953
ffp,1.0,0.3,0.005,0.0,1.0,24.0,2823956368,376.6793670434662,376.67333943852304,0.6718747375613893,0.39613644447291735,True,2120704117,2686151155,3407354559,2.2885425413369376,71,38.09789014488729,3544.489005829855,,True,False,True,False,event_detected_parameters_not_recovered,0,0.1754531999995379
ffp,1.0,0.3,0.005,0.0,1.0,24.0,1429457555,194.55165199896783,194.55731435072468,1.0617214001227866,0.2857503132584604,True,352099057,4027700551,100404915,4.478878519607861,72,39.75550666322609,3420.6748620645667,,True,False,True,True,event_detected_parameters_recovered,0,0.34251580000091053
ffp,1.0,0.3,0.005,0.0,1.0,24.0,3945159809,23.624353468149323,23.633294045464872,0.4762043518745048,0.4758399600064499,True,39296338,2323041684,3600441106,5.968994133397132,72,78.74784489383109,3718.195675610601,,True,False,True,False,event_detected_parameters_not_recovered,0,0.17124179999882472
ffp,1.0,0.3,0.005,0.0,1.0,24.0,2366727589,1330.6944994680096,1330.7039745987604,0.4923572006363036,0.48223049414938773,True,790433937,838919138,312547360,5.479234214617463,72,60.60166843996816,3521.3754051870783,,True,False,True,False,event_detected_parameters_not_recovered,0,0.1812539000002289
ffp,1.0,0.3,0.005,0.0,1.0,24.0,1337741085,1306.8870553004197,1306.8884486156048,0.5009863008094676,0.46987582895032737,True,3066962627,37210833,3810437014,2.0596327573730377,71,95.0401843347322,3531.3445654818643,,True,False,True,False,event_detected_parameters_not_recovered,0,0.15824879999854602
ffp,1.0,0.3,0.005,0.0,1.0,24.0,2175878342,1340.6628029965455,1340.6565194595717,0.5943410903842674,0.3841791873218048,True,2641764033,2757506025,832853662,2.86368464014231,71,27.37399001151516,3540.577392066807,,True,False,True,False,event_detected_parameters_not_recovered,0,0.16309869999895454
ffp,1.0,0.3,0.005,0.0,1.0,24.0,1249613999,1654.9048727748307,1654.9147524960913,0.9674603545964647,0.3122420950045601,True,4192919835,3153960637,4059435317,4.816795816695958,72,37.59957591610222,3468.8086361021706,,True,False,True,True,event_detected_parameters_recovered,0,0.2848642999997537
ffp,1.0,0.3,0.005,0.0,1.0,24.0,2744840834,1525.4231078891198,1525.4191612121472,0.826901880647786,0.34381546519327305,True,2028943406,3762888729,2054780618,1.4246393215944408,71,20.25630703626727,3695.91091565878,,True,False,True,True,event_detected_parameters_recovered,0,0.23213329999998678
ffp,1.0,0.3,0.005,0.0,1.0,24.0,3858934800,365.7915582926164,365.80468770912336,1.541232721833461,0.2271485218722087,True,460672858,2454598680,3869777321,5.443941365265346,72,1.8051943087213356,3390.8812475174345,,True,False,True,False,event_detected_parameters_not_recovered,0,0.6131256999997277
ffp,1.0,0.3,0.005,0.0,1.0,24.0,1330535614,52.32354033508333,52.31457091870433,0.5963468347617045,0.43302732444594977,True,1595292803,4205333215,1378620130,0.8019174724427103,71,60.58819888305557,3223.314849829556,,True,False,True,False,event_detected_parameters_not_recovered,0,0.17043639999974403
ffp,1.0,0.3,0.005,0.0,1.0,24.0,895402404,62.82241394111982,62.82577209386694,1.6102852243582393,0.22842963219616852,True,23118397,3851768929,786961239,4.676075225328304,72,25.5919535296006,3443.4837212138737,,True,False,True,False,event_detected_parameters_not_recovered,0,0.5851186999989295
ffp,1.0,0.3,0.005,0.0,1.0,24.0,2838699912,40.25016063200305,40.25750424540609,1.260574690290249,0.26982046885676775,True,1763973960,3805140650,3209577136,1.2313100859455517,71,100.83279789332316,3280.153755995758,,True,False,True,False,event_detected_parameters_not_recovered,0,0.4174189999994269
ffp,1.0,0.3,0.005,0.0,1.0,24.0,1394068360,1672.7541781298457,1672.7586615725058,1.5835649746220626,0.21436164631178134,True,2519469338,3257316793,1843557942,4.6834928657335695,72,97.09726043281914,3475.5927721027983,,True,False,True,False,event_detected_parameters_not_recovered,0,0.5054761999999755
ffp,1.0,0.3,0.005,0.0,1.0,24.0,1120400643,251.0596779506963,251.0577316135534,1.4961878071674641,0.2249817454481645,True,535449140,1314001938,203422366,3.536249036760637,71,6.884406831012295,3338.8448660283175,,True,False,True,False,event_detected_parameters_not_recovered,0,0.5866576000007626
ffp,1.0,0.3,0.005,0.0,1.0,24.0,3561717249,1298.2613458928483,1298.2682490371155,1.0380798545722707,0.2962274045452761,True,1100244519,1418056999,2179317056,4.361914191613323,72,66.2878196428278,3371.4778784819937,,True,False,True,True,event_detected_parameters_recovered,0,0.29058230000009644
ffp,1.0,0.3,0.005,0.0,1.0,24.0,2707667657,1497.5791582193015,1497.5814159753213,0.8791073234713228,0.3513022266701771,True,2977901476,3066633555,3529101637,2.687835990473104,71,113.06947260232846,3396.6878253334944,,True,False,True,True,event_detected_parameters_recovered,0,0.24266069999976025
ffp,1.0,0.3,0.005,0.0,1.0,24.0,1110541818,1.9151604594149032,1.9191957105186372,0.9246497397914301,0.31323694490355003,True,3607833610,3947416803,15846357,0.9689384425341885,71,6.383868198049678,3391.280335676187,,True,False,True,True,event_detected_parameters_recovered,0,0.27463650000026973
ffp,1.0,0.3,0.005,0.0,1.0,24.0,2717371328,1525.075745772216,1525.0638818548746,0.9704007933902934,0.29990114980366,True,600970556,2421989099,621936269,5.526087665093655,72,21.41418075928035,3489.970587430391,,True,False,True,True,event_detected_parameters_recovered,0,0.28491050000047835
ffp,1.0,0.3,0.005,0.0,1.0,24.0,2297376019,234.29369080028536,234.2915049616173,0.8795797925188827,0.3046303243601169,True,1438799887,383582950,3614471130,0.0147524366457219,71,62.771030665715465,3344.5271680101723,,True,False,True,True,event_detected_parameters_recovered,0,0.27300130000003264
ffp,1.0,1.0,0.005,0.0,1.0,24.0,3096045789,1315.2007460807097,1315.2099437000095,1.1464379017858888,0.8942396775074455,True,1853219535,872352086,3059712279,5.225643580342876,238,33.67425391929032,11383.47871365845,,True,False,True,True,event_detected_parameters_recovered,0,0.4062389999999141
ffp,1.0,1.0,0.005,0.0,1.0,24.0,3787549530,1343.560539311033,1343.5350341271658,1.027946631641397,0.9811104616762674,True,1084214696,3578516901,3627286166,4.623391762615938,238,5.314460688967074,11706.697499589136,,True,False,True,True,event_detected_parameters_recovered,0,0.3063488000007055
ffp,1.0,1.0,0.005,0.0,1.0,24.0,1414058777,1329.8929811712014,1329.8822091719435,0.7681118813582782,1.1788941689130452,True,725772474,700319671,3144014150,0.792886806630122,238,18.982018828798573,11464.131740019307,,True,False,True,False,event_detected_parameters_not_recovered,0,0.19807000000037078
ffp,1.0,1.0,0.005,0.0,1.0,24.0,3939211327,432.2078476150887,432.21956201691285,0.8825810836890791,1.085911577894298,True,2832361174,2899643663,3946818358,5.599434565046977,238,3.542152384911276,11467.090188324299,,True,False,True,True,event_detected_parameters_recovered,0,0.2322569999996631
ffp,1.0,1.0,0.005,0.0,1.0,24.0,2265043514,435.1112763280389,435.10423585226414,1.5935560182418473,0.7087541074439916,True,2910478714,2899995616,2004327298,0.8379120705467358,195,0.6387236719610883,9614.287512364172,,True,False,True,False,event_detected_parameters_not_recovered,0,0.5674005000000761
ffp,1.0,1.0,0.005,0.0,1.0,24.0,2930067282,224.16067242801685,224.17117674599453,1.26071766640511,0.8603156027013356,True,1983287554,3939107848,977147565,1.0682963649469457,238,28.964327571983148,11193.97530289735,,True,False,True,False,event_detected_parameters_not_recovered,0,0.4113060999989102
ffp,1.0,1.0,0.005,0.0,1.0,24.0,2279443733,374.66565684373865,374.6657401815576,1.2542491863682013,0.8430177804633142,True,1468933849,2735143999,3505440440,5.554145057540154,238,9.415656843738645,11461.7676050105,,True,False,True,False,event_detected_parameters_not_recovered,0,0.42803579999963404
ffp,1.0,1.0,0.005,0.0,1.0,24.0,1126321653,1288.9518674163714,1288.9747506736874,1.5906619437728864,0.7172097862837735,True,3513343985,2916249515,3328289890,3.210920368328516,238,10.576867416371442,11435.397492322569,,True,False,True,False,event_detected_parameters_not_recovered,0,0.5759882000002108
ffp,1.0,1.0,0.005,0.0,1.0,24.0,3787646988,43.685618706096946,43.67756718754357,0.7596120162182284,1.2003005194726695,True,3946136375,2953603455,614240604,0.6090632171355992,238,26.814381293903054,11240.086402151079,,True,False,True,False,event_detected_parameters_not_recovered,0,0.22040799999922456
ffp,1.0,1.0,0.005,0.0,1.0,24.0,831138197,214.04207692722792,214.03466229326017,0.9126905778860099,1.088927635158598,True,1363461934,642823771,1687853839,1.3092247761460385,238,31.417076927227924,11274.681398030523,,True,False,True,True,event_detected_parameters_recovered,0,0.2501694000002317
ffp,1.0,1.0,0.005,0.0,1.0,24.0,3787382744,1669.7820520543887,1669.792215513653,1.5952610665720977,0.7197842891900296,True,47871838,2439051277,1972210735,1.14504153982125,238,26.157052054388714,11319.619068760905,,True,False,True,False,event_detected_parameters_not_recovered,0,0.4713871999992989
ffp,1.0,1.0,0.005,0.0,1.0,24.0,2133908419,395.49784295596857,395.49187905498496,0.5553324794979848,1.4715691826682726,True,3451789368,708822146,2571516994,3.1061435375431756,238,30.247842955968565,11179.951196390684,,True,False,True,False,event_detected_parameters_not_recovered,0,0.1639952000004996
ffp,1.0,1.0,0.005,0.0,1.0,24.0,2455445771,47.23777005170379,47.252039192815566,0.8753643007484745,1.0678701429962267,True,3696996600,3687966196,3105013596,3.8111255415094547,238,23.26222994829621,11103.422837759419,,True,False,True,True,event_detected_parameters_recovered,0,0.23834010000064154
ffp,1.0,1.0,0.005,0.0,1.0,24.0,3470823345,1484.6907144511656,1484.682938557707,0.9611675673934384,1.025481710773898,True,1640245706,335606437,3311627039,4.728809805637866,238,23.690714451165604,11144.294799937466,,True,False,True,True,event_detected_parameters_recovered,0,0.275492500000837
ffp,1.0,1.0,0.005,0.0,1.0,24.0,707061427,1701.5278086107328,1701.5325929957082,0.8392265298023464,1.1256076387278546,True,1615170666,3986199198,4116769648,1.055600233921723,238,12.59719138926721,11750.296836929178,,True,False,True,True,event_detected_parameters_recovered,0,0.22607769999922311
ffp,1.0,1.0,0.005,0.0,1.0,24.0,2697088515,1470.0950107644096,1470.1134371526807,1.584330795734179,0.7094052414444728,True,1633485125,3017780980,1638392141,4.615500798645371,238,9.095010764409608,11424.256143730017,,True,False,True,False,event_detected_parameters_not_recovered,0,0.4740469000007579
ffp,1.0,1.0,0.005,0.0,1.0,24.0,1186971209,51.71572124039705,51.745122461959625,1.5985090820817902,0.7220676499582608,True,3867943831,925337855,1966333069,4.861413820983671,238,18.784278759602948,11287.30576020974,,True,False,True,False,event_detected_parameters_not_recovered,0,0.7105786000010994
ffp,1.0,1.0,0.005,0.0,1.0,24.0,613760178,1513.3801241400042,1513.36403260035,1.6008372088972849,0.7440553854323976,True,2998510173,2144929562,2698088312,4.021238112691208,238,18.119875859995773,11489.962166384546,,True,False,True,False,event_detected_parameters_not_recovered,0,0.5184644000000844
ffp,1.0,1.0,0.005,0.0,1.0,24.0,1998523067,1312.6895936537153,1312.6803064204162,0.8963229953746424,1.062496197758743,True,567853337,1534782813,201210144,3.3851384657464223,238,34.31459365371529,11321.907165224184,,True,False,True,True,event_detected_parameters_recovered,0,0.26416950000020734
ffp,1.0,1.0,0.005,0.0,1.0,24.0,3387993138,418.68461206705786,418.68965654571707,1.1267391381267793,0.9150015519003137,True,3126727572,745359380,4213578526,1.9413763296597608,238,17.065387932942144,11133.911460977833,,True,False,True,True,event_detected_parameters_recovered,0,0.34004359999926237
ffp,1.0,1.0,0.005,0.0,1.0,24.0,1542024464,64.71217969996272,64.69991016657252,0.53738287487193,1.4721679340949356,True,1084960584,595008853,3777839253,3.4387679600331467,238,5.787820300037282,11316.663646027431,,True,False,True,False,event_detected_parameters_not_recovered,0,0.16278590000001714
ffp,1.0,1.0,0.005,0.0,1.0,24.0,3371804014,3.297595294044974,3.3008980943639594,0.8257056329762216,1.1219534165492213,True,3860760571,2817466501,3005306218,5.337223424723234,238,3.297595294044974,11351.70912895933,,True,False,True,True,event_detected_parameters_recovered,0,0.22672889999921608
ffp,1.0,1.0,0.005,0.0,1.0,24.0,2242229357,1654.1952892001495,1654.1986098730567,0.8408172902945804,1.1320343366978143,True,3096726892,3368453264,862162284,0.5835517279047053,238,10.570289200149546,11479.783580874471,,True,False,True,True,event_detected_parameters_recovered,0,0.22733139999945706
ffp,1.0,1.0,0.005,0.0,1.0,24.0,3031867885,1330.9716337223588,1330.9668833287226,0.6953490109375071,1.212245731423428,True,95497257,1939931560,2610746102,5.252560478984378,238,17.903366277641226,11421.425032875886,,True,False,True,False,event_detected_parameters_not_recovered,0,0.19678340000064054
ffp,1.0,1.0,0.005,0.0,1.0,24.0,844178424,0.5835835548382549,0.566596183076069,0.6864050728380962,1.3163970936412766,True,1887162605,3434439160,2722028970,5.4603189670879,189,0.5835835548382549,9550.08424224543,,True,False,True,False,event_detected_parameters_not_recovered,0,0.20357630000034987
